INSERT INTO public.currency (id,code,"name") VALUES
	 ('6aa85959-235f-4212-b570-0116777002c5','USD','United States Dollar'),
	 ('b040f023-6933-4503-81a8-b1866f9d6317','EUR','Euro'),
	 ('9ad0c93c-7e06-4695-b718-ff25fc1d268c','JPY','Japanese Yen '),
	 ('46e83ef9-ab70-4667-8653-aaf75a80382c','GBP','British Pound Sterling'),
	 ('48193390-49b9-4530-b28e-0ce68dafa581','AUD','Australian Dollar'),
	 ('b5c5941b-d6ff-4073-8842-a326d29cbae9','CAD','Canadian Dollar'),
	 ('27e72c80-59c7-4a7f-81ac-3c284a70800f','CHF','Swiss Franc'),
	 ('e07fd634-d7ee-4cb1-a838-70ef3aebb254','CNY','Chinese Yuan'),
	 ('277fd974-4b67-4a2b-b469-c4ecd75651af','HKD','Hong Kong Dollar'),
	 ('03faef4a-f22f-4922-a868-880bf3859aa7','NZD','New Zealand Dollar');
INSERT INTO public.currency (id,code,"name") VALUES
	 ('2e041658-46cb-457b-9806-19e0ba7519d7','TL','Turkish Lira');


INSERT INTO public."user" (id,"name",phone,address,created_at) VALUES
	 ('42530460-699c-4330-8689-c62f04e9c4e7','Anna Miettinen','32-622047','Apt. 942 Lehtinengatan6, Kauuma, CT 38395','2023-02-07 08:38:57.311441'),
	 ('a7503761-5ab3-4edd-b447-38c8cd6aa520','Minna Niemi','401-0578335','Apt. 111 Toivonenkatu09, Oresi, DE 46587','2023-02-07 08:38:57.329476'),
	 ('f92e7198-60d4-4c63-a95f-20f4039d1f3b','Marko Koivisto','25-100988','Rantanengatan0, Orahe, IA 92043','2023-02-07 08:38:57.344761'),
	 ('4a2c2933-889b-4212-be27-81f010158ca0','Matias Toivonen','676-4361925','Salonengatan891, Hesjärvi, LA 43283','2023-02-07 08:38:57.349482'),
	 ('52964470-b29f-4127-b81a-06301711aead','Kaarina Väisänen','194-7332070','Hirvonenranta92, Nosjärvi, WI 40245','2023-02-07 08:38:57.358705'),
	 ('9ca23b04-20e7-4dc1-bffa-0c013f3ae102','Valtteri Laaksonen','889-2592021','Turunengatan10, Nomi, NE 00969','2023-02-07 08:38:57.363677'),
	 ('70a2f4c7-7a5d-4516-9af1-3ce46c084183','Antero Koivisto','86-845156','Apt. 950 Mäkeläkatu5, Lamina, NY 52532','2023-02-07 08:38:57.368561'),
	 ('02fd5b27-150e-483d-b65f-714a7f516131','Heikki Väisänen','25-008305','Hämäläinengatan869, Keinen, MN 79145','2023-02-07 08:38:57.374109'),
	 ('8bc9dfb7-dfaa-46c9-bd7e-db00b6711256','Juhani Koivisto','88-578843','Apt. 863 Toivonengatan941, Noinen, WV 25359','2023-02-07 08:38:57.377782'),
	 ('e3fd42a3-4804-4644-9892-18b1f0cbd440','Anneli Leppänen','16-368533','Tuominengatan106, Lami, TX 30864','2023-02-07 08:38:57.38112');
INSERT INTO public."user" (id,"name",phone,address,created_at) VALUES
	 ('f4961db8-844a-4fa5-b89e-3e2afab706a3','Veikko Ojala','301-8972663','Suite 740 Kallioranta9, Lainen, MD 63783','2023-02-07 08:38:57.384527'),
	 ('12c11106-f73b-4453-bef2-3c9304864f3c','Antero Savolainen','930-6510487','Savolainenkatu5, Lasjärvi, MN 58493','2023-02-07 08:38:57.388347'),
	 ('071ddb5a-55ae-44b5-b91a-36c921f13b01','Ensio Aaltonen','32-781851','Ojalakatu382, Kaukano, MS 11408','2023-02-07 08:38:57.392512'),
	 ('210354fa-c0ec-4cb8-b8a2-3347a6d5eb7c','Marjatta Laitinen','88-099522','Hämäläinengatan8, Novalta, MA 29470','2023-02-07 08:38:57.396144'),
	 ('c25c9de2-cdb9-4b8c-8087-488184d29d3c','Marika Mustonen','459-7669765','Ojalagatan21, Haapmi, GA 08641','2023-02-07 08:38:57.399572'),
	 ('d6a142d4-e10c-45e2-9bae-1b12d7258fcd','Kalervo Järvinen','88-066749','Suite 229 Leinonenranta4, Haapesi, WA 74486','2023-02-07 08:38:57.402328'),
	 ('e28ba9d7-2c24-42fe-a8ba-4b0e1126cfd0','Lauri Salo','414-7008157','Suite 354 Räsänenranta9, Kauuma, NH 14816','2023-02-07 08:38:57.405835'),
	 ('6d755004-5959-4b31-acd4-a8009eb4130e','Marjatta Räsänen','72-382143','Mäkinenranta0, Noinen, CT 07649','2023-02-07 08:38:57.409418'),
	 ('999db460-516e-48d8-bc20-cecd85844e89','Irmeli Lehtonen','380-5695849','Apt. 943 Laaksonengatan69, Rasjärvi, OR 47882','2023-02-07 08:38:57.414092'),
	 ('eee83111-2e91-4e50-8b29-474a8c02a48a','Juho Leinonen','608-1111888','Saarinengatan646, Hemina, KY 36954','2023-02-07 08:38:57.417462');
INSERT INTO public."user" (id,"name",phone,address,created_at) VALUES
	 ('71dab8ab-86ea-4f0c-ba82-1872143f1803','Tiina Manninen','221-8175435','Toivonenranta54, Lami, MI 95841','2023-02-07 08:58:29.904054'),
	 ('be82afbc-fda0-4c36-8a26-9798b1ab6dcd','Mikael Mustonen','758-6728011','Mattilagatan38, Heuma, NC 85830','2023-02-07 08:58:29.937784'),
	 ('7a9385d0-a3df-4464-8259-a8c53555e5b5','Pekka Toivonen','91-764954','Karjalainenranta342, Kauinen, SD 28836','2023-02-07 08:58:29.946837'),
	 ('43f0ec13-424f-448d-b22c-49969d914f26','Maria Kinnunen','578-4361525','Leinonenranta205, Haapsjärvi, CT 23922','2023-02-07 08:58:29.950942'),
	 ('8cfba745-4f90-4513-b96e-0e3173534fe9','Susanna Hiltunen','85-689419','Apt. 887 Leinonengatan01, Lauma, MO 18469','2023-02-07 08:58:29.955068'),
	 ('c6478063-ab05-4726-8129-4af2218cc964','Tellervo Virtanen','245-9202423','Apt. 806 Lehtonenkatu92, Laahe, LA 04024','2023-02-07 08:58:29.961383'),
	 ('bd785d87-f85f-43b2-980f-274dee82a5aa','Veikko Virtanen','754-0292745','Suite 825 Ahonengatan9, Heesi, CT 29755','2023-02-07 08:58:29.965255'),
	 ('d4b7d970-a097-4c8b-b480-825b6a75b980','Riitta Kallio','13-088473','Nieminenranta74, Orinen, SD 54560','2023-02-07 08:58:29.968752'),
	 ('a349d4e1-383f-4ad2-90dc-6554729273b9','Tarja Tuominen','22-720508','Salonengatan405, Rauma, NE 99384','2023-02-07 08:58:29.971839'),
	 ('35594816-868a-48a2-bc08-930794b9805d','Kari Mäkelä','653-9542057','Hiltunengatan4, Nimi, SD 33526','2023-02-07 08:58:29.97531');
INSERT INTO public."user" (id,"name",phone,address,created_at) VALUES
	 ('ddd0b2c3-5e40-4177-80c3-0f5f5ac053d9','Juha Laitinen','479-6686229','Ojalakatu3, Kauesi, KS 77715','2023-02-07 08:58:29.987955'),
	 ('5ae55cbd-87c0-4136-b78c-4da4098d4dc5','Pirkko Salminen','27-211139','Apt. 661 Nieminenkatu5, Kauvalta, CO 74889','2023-02-07 08:58:29.991924'),
	 ('9494980f-c327-482f-88a4-7def38545dbc','Hannu Laitinen','749-2661565','Aaltonengatan713, Rainen, NV 38183','2023-02-07 08:58:29.995904'),
	 ('73a67620-8629-416d-94e1-1bd0898c7cbe','Hannu Kallio','12-735471','Apt. 496 Saarinengatan65, Kaukano, OR 05936','2023-02-07 08:58:29.99879'),
	 ('21982774-098a-4f68-a625-cfbf3784b88b','Marika Jokinen','342-2676163','Miettinenkatu4, Oulinen, DE 24742','2023-02-07 08:58:30.001876'),
	 ('4c4d535a-c788-4a25-8392-c75b5986dd62','Juhani Tuominen','544-7864801','Virtanenranta48, Heuma, CA 10127','2023-02-07 08:58:30.004448'),
	 ('724019f1-a908-40cb-a41f-114a6999adb9','Heikki Räsänen','500-4643494','Lehtokatu51, Orvalta, TX 06532','2023-02-07 08:58:30.007277'),
	 ('c7a74945-2099-49ae-85fa-f20d30f876b9','Markku Mäkinen','283-9118121','Suite 597 Pitkänengatan388, Oulahe, WA 25672','2023-02-07 08:58:30.011092'),
	 ('01f04850-59ce-4829-9a35-9608806f3937','Oskari Laakso','497-5761625','Suite 726 Hirvonengatan88, Kauahe, OR 76985','2023-02-07 08:58:30.014148'),
	 ('d4947d87-3cba-4dc8-92b9-512575085b1b','Pauliina Savolainen','00-125723','Heinonenranta27, Keinen, GA 34254','2023-02-07 08:58:30.023122');
INSERT INTO public."user" (id,"name",phone,address,created_at) VALUES
	 ('d0c8f7f5-bf73-4ce4-acca-927ba7cbc8e8','Pauliina Järvinen','625-3553812','Laaksonenranta5, Niinen, KS 13233','2023-02-17 16:56:52.099694'),
	 ('8d2a132f-5bb3-4c53-846f-9859442c1d39','Valtteri Anttila','359-7389497','Savolainenranta3, Haapkano, NV 40715','2023-02-17 16:56:52.128513'),
	 ('a0b811fc-3b66-4de1-9248-06f177f013b0','Heikki Turunen','92-232173','Savolainengatan316, Kauesi, CT 14022','2023-02-17 16:56:52.135576'),
	 ('b95f9d35-4452-4e80-956e-e5dc9685b46e','Helena Niemi','102-1529207','Lehtonengatan9, Nikano, CT 39863','2023-02-17 16:56:52.144375'),
	 ('e8ca00c2-dcc3-499a-a103-16592b0536a3','Erkki Heikkinen','828-5178785','Lehtonengatan349, Nivalta, UT 16168','2023-02-17 16:56:52.150071'),
	 ('b5f5e605-a211-466a-a8cc-2fe86320dbd0','Marika Manninen','09-018684','Salminengatan51, Haapsjärvi, AR 35935','2023-02-17 16:56:52.15425'),
	 ('52810bf8-9e95-4701-a413-6e55e41eaa1f','Sofia Toivonen','22-984350','Korhonenranta29, Oulinen, NM 75312','2023-02-17 16:56:52.157956'),
	 ('88392591-b7ae-46c4-bb90-6580bb6f958c','Hannu Jokinen','11-927385','Heinonengatan158, Kaumina, NC 53668','2023-02-17 16:56:52.161663'),
	 ('cf661758-3516-41b9-bf26-d10016f19994','Seppo Laaksonen','88-412405','Suite 252 Ahonenkatu5, Haapvalta, VA 57531','2023-02-17 16:56:52.170351'),
	 ('7de48d32-dde8-459e-a8f9-abd047029d3b','Veikko Lehto','292-1359141','Manninenranta569, Nosjärvi, TX 18815','2023-02-17 16:56:52.173804');
INSERT INTO public."user" (id,"name",phone,address,created_at) VALUES
	 ('c391c7db-6d19-4e11-93f6-999d93089087','Marjatta Virtanen','96-260372','Salminenkatu307, Rauma, VT 22522','2023-02-17 16:56:52.177651'),
	 ('59f469ba-71d5-41d6-a638-718b62eaf0c9','Juhani Järvinen','611-5339237','Mäkeläranta136, Hemina, FL 64650','2023-02-17 16:56:52.181483'),
	 ('c9c115e4-00b4-4e0c-8c90-d9e23a315fd4','Irmeli Karjalainen','026-1197607','Hakalakatu2, Orinen, NJ 74406','2023-02-17 16:56:52.184949'),
	 ('23729025-6b4c-4218-9288-be88fc7db931','Kyllikki Ahonen','061-0689831','Leppänenkatu866, Lami, WV 01707','2023-02-17 16:56:52.188457'),
	 ('b8fc8e19-ca07-46e5-b030-9b0a3b66340d','Hannu Järvinen','167-0997397','Salminenkatu52, Kaumi, WA 91966','2023-02-17 16:56:52.192114'),
	 ('3c7c1c07-58bb-42f9-b748-3d1caa33017f','Kyllikki Väisänen','859-6069510','Lahtinenranta275, Lainen, WY 14559','2023-02-17 16:56:52.195134'),
	 ('c0173b8a-36a8-4563-b720-f6ccf79a6652','Pirkko Leinonen','45-054590','Mäkinenranta0, Raahe, NE 40632','2023-02-17 16:56:52.198205'),
	 ('2991a476-8a43-4c45-9b6d-1622473e2dd5','Erik Niemi','149-4669640','Suite 391 Lehtonenranta94, Rakano, MN 15753','2023-02-17 16:56:52.201066'),
	 ('33fc7583-75fb-44c2-b6f1-b9f7be24e562','Ville Lehtonen','43-076339','Järvinenkatu4, Heinen, ND 09317','2023-02-17 16:56:52.20414'),
	 ('b91ab766-7a0f-43ea-9e44-73d32851d213','Ilmari Salonen','359-9395579','Koskinenranta210, Ormi, AZ 42635','2023-02-17 16:56:52.20716');
INSERT INTO public."user" (id,"name",phone,address,created_at) VALUES
	 ('fdd5b330-ccf5-4fa6-aa33-364fbffb93eb','Juhani Räsänen','959-4751677','Apt. 450 Salonenkatu9, Lamina, UT 02730','2023-02-18 16:15:56.117524'),
	 ('265da2c2-79e0-418d-808b-37c47fde427d','Emilia Laine','34-372224','Korhonengatan4, Kekano, CA 43647','2023-02-18 16:15:56.158798'),
	 ('1fc02134-5515-40c9-98d8-5f53adb88a7d','Kaarina Nieminen','620-9667136','Suite 878 Lainekatu0, Oulahe, CO 00390','2023-02-18 16:15:56.1665'),
	 ('c4e98d3c-c093-4ce4-9d30-7c0c40f5b335','Pauliina Lahtinen','76-366697','Suite 165 Lehtinenkatu14, Nisjärvi, TN 16549','2023-02-18 16:15:56.177177'),
	 ('48398c4d-33a0-4547-a39b-6a1383a3e423','Johanna Salonen','366-0388759','Väisänenranta050, Oulmi, NE 91313','2023-02-18 16:15:56.181131'),
	 ('1f231b5b-d4fc-4a5c-9645-ade76858dce0','Minna Niemi','419-0020195','Suite 763 Rantanenkatu5, Nimi, VT 15495','2023-02-18 16:15:56.18567'),
	 ('0b2be851-f5e5-41d9-bb0f-d8194edd18e3','Oskari Laine','14-441051','Suite 476 Heikkinengatan365, Haapinen, VT 57284','2023-02-18 16:15:56.193188'),
	 ('9bff0aca-690b-446f-9e9c-2301a15ccfcf','Tapio Järvinen','037-8476329','Suite 694 Leppänenranta1, Heahe, CO 58451','2023-02-18 16:15:56.197062'),
	 ('9c6e1b14-4daa-4723-aa87-2ff37808f8b4','Mikko Turunen','002-2167322','Suite 842 Manninenranta2, Hemina, AL 20439','2023-02-18 16:15:56.200762'),
	 ('a508c748-5864-4055-b1c2-faa1d997f9e8','Maija Virtanen','849-5235286','Ahonengatan5, Orahe, ME 69974','2023-02-18 16:15:56.203768');
INSERT INTO public."user" (id,"name",phone,address,created_at) VALUES
	 ('552fdc5f-ad1b-426d-9518-f73c335e1c8c','Jukka Savolainen','322-6140424','Apt. 522 Salonenkatu08, Oulinen, WA 04889','2023-02-18 16:15:56.208051'),
	 ('9e44fba2-971d-4f1f-bfa6-e4a974063a54','Annikki Järvinen','91-521423','Järvinengatan240, Kekano, MI 88937','2023-02-18 16:15:56.211294'),
	 ('3606034e-ba05-443d-bf59-27c7fe06549f','Elina Savolainen','343-9906854','Suite 513 Mäkinenkatu180, Ormi, AZ 12523','2023-02-18 16:15:56.214733'),
	 ('c9cb2896-3e5a-4da3-9c91-7adb83ec02e8','Kyllikki Turunen','56-955675','Suite 924 Salminengatan20, Rami, IA 36004','2023-02-18 16:15:56.218051'),
	 ('e67599c6-696e-4ffb-994e-72e63ce09ac2','Johanna Kallio','141-4392619','Suite 602 Nieminenranta48, Rainen, MA 14933','2023-02-18 16:15:56.222126'),
	 ('e6e6134d-ab0c-4d92-9119-77a88105cd61','Laura Leinonen','715-2391285','Mustonengatan80, Haapsjärvi, NE 75311','2023-02-18 16:15:56.225033'),
	 ('37f6a329-c993-484f-95ec-9b6e57eafc64','Inkeri Heikkinen','450-0448817','Karjalainengatan123, Niesi, IL 28566','2023-02-18 16:15:56.228161'),
	 ('550cf3e7-c3fa-4ee9-80ac-a6b429ae9cae','Maija Savolainen','657-0312684','Suite 133 Virtanenranta5, Niuma, WA 93565','2023-02-18 16:15:56.231128'),
	 ('86325191-0027-4bba-b953-f6a2b62a4efd','Anna Leppänen','29-382083','Apt. 533 Lehtinengatan212, Laahe, NE 57376','2023-02-18 16:15:56.23402'),
	 ('1eddb81b-2936-4267-91d2-8f2302f9f3af','Aino Hirvonen','45-167340','Niemigatan1, Rami, ID 74472','2023-02-18 16:15:56.237152');
INSERT INTO public."user" (id,"name",phone,address,created_at) VALUES
	 ('286ba4ca-70dc-46e9-a352-4502476a6af8','Eeva Virtanen','668-1905709','Anttilagatan5, Kausjärvi, KY 72830','2023-02-18 16:18:23.305945'),
	 ('7509acb7-084f-4f1a-922b-42da113afae6','Riitta Hirvonen','38-313237','Suite 804 Hiltunengatan5, Kemina, DE 94940','2023-02-18 16:18:23.331798'),
	 ('44a45ebc-2d9d-4ca8-905e-8909efe7a2e4','Olavi Leppänen','284-9426801','Aaltonengatan57, Orsjärvi, AZ 43769','2023-02-18 16:18:23.338653'),
	 ('74e2548a-a85b-4fb7-8888-5adccf0d91c4','Matias Leppänen','981-4560264','Leppänenranta9, Orsjärvi, ME 57764','2023-02-18 16:18:23.345094'),
	 ('9a52b6ef-6a98-413f-81ef-c1f91a9442b8','Eeva Lehto','461-1181535','Laaksonengatan9, Kauuma, AZ 76258','2023-02-18 16:18:23.356553'),
	 ('93b33242-fe39-4bf2-abc7-87e20c12ee72','Eveliina Laitinen','40-709793','Salminengatan1, Oulsjärvi, VT 17604','2023-02-18 16:18:23.367735'),
	 ('a92c11ae-c87a-4163-91c5-81084ec9061f','Marika Manninen','735-6614559','Ojalagatan31, Kauvalta, KY 92210','2023-02-18 16:18:23.371881'),
	 ('76260536-6d1c-445d-8d16-22dba2e51eb0','Kari Karjalainen','27-432096','Saloranta93, Kaumi, LA 64153','2023-02-18 16:18:23.375076'),
	 ('cbc3c2d1-fa90-4537-ab09-bc33497df5d1','Kristian Heikkilä','39-827064','Suite 896 Lehtokatu65, Oulahe, UT 20295','2023-02-18 16:18:23.384015'),
	 ('f3c51d30-8c8b-43ac-8d14-42f755360efb','Kyllikki Lehtinen','616-1851913','Hämäläinengatan19, Oulmi, TX 92669','2023-02-18 16:18:23.387767');
INSERT INTO public."user" (id,"name",phone,address,created_at) VALUES
	 ('1d061243-fe00-4799-a9d1-6ebe999602fb','Tapio Räsänen','360-7654848','Apt. 502 Kinnunenranta88, Kauuma, MS 47413','2023-02-18 16:18:23.391071'),
	 ('b17c025d-f969-437e-aa04-69a6bd006308','Erkki Väisänen','752-5181693','Koivistogatan02, Oruma, IN 09841','2023-02-18 16:18:23.394717'),
	 ('77f91b7d-7061-4d7e-8b3d-0c6466d9610f','Anneli Hiltunen','610-4732171','Suite 233 Laitinengatan58, Keuma, NM 02745','2023-02-18 16:18:23.398686'),
	 ('830bf30a-6890-40f5-8670-dcc5611490a4','Anna Niemi','292-4974120','Lehtokatu36, Rasjärvi, ID 48773','2023-02-18 16:18:23.401985'),
	 ('cc7748c3-9688-49a8-924c-3e2d53a52b04','Petri Korhonen','98-539020','Väisänenkatu98, Orvalta, CT 00989','2023-02-18 16:18:23.405008'),
	 ('978c456c-ee18-4daf-beaa-b1857bf1efe6','Riitta Heinonen','80-240418','Heikkinengatan181, Haapuma, MA 48574','2023-02-18 16:18:23.408099'),
	 ('913dad4d-9be5-451a-a1f2-6e7ea45d7e38','Riitta Mäkinen','49-084771','Heinonengatan3, Kaukano, MD 53841','2023-02-18 16:18:23.420575'),
	 ('f3462890-d449-4d10-a5b6-03c378717947','Kyllikki Laitinen','826-3722067','Laitinenkatu7, Ouluma, ID 78734','2023-02-18 16:18:23.426754'),
	 ('7caaa0aa-df50-4964-9a22-59dde9e18e6f','Timo Jokinen','02-548681','Nieminenranta20, Haapahe, IN 58188','2023-02-18 16:18:23.431183'),
	 ('5def5c0d-0d45-47cf-9874-5ef2436587ac','Martti Laakso','652-7445500','Suite 688 Aaltonenkatu91, Lamina, MI 65310','2023-02-18 16:18:23.433995');

INSERT INTO public.account (id,acc_no,user_id,currency_id,created_at,updated_at,balance) VALUES
	 ('431ef22a-72ef-492e-81c1-38a0db98019a',1801801895,'f4961db8-844a-4fa5-b89e-3e2afab706a3','b5c5941b-d6ff-4073-8842-a326d29cbae9','2023-03-07 08:38:57.446269','2023-03-07 08:38:57.446288',1257),
	 ('b6403bf6-e60a-46f5-88d3-74b04f6f6eff',1187475165,'8bc9dfb7-dfaa-46c9-bd7e-db00b6711256','e07fd634-d7ee-4cb1-a838-70ef3aebb254','2023-03-07 08:38:57.449303','2023-03-07 08:38:57.44932',9270),
	 ('babca6d7-fd4b-4306-b35e-e436786a9a00',1945256381,'071ddb5a-55ae-44b5-b91a-36c921f13b01','46e83ef9-ab70-4667-8653-aaf75a80382c','2023-03-07 08:38:57.452755','2023-03-07 08:38:57.452785',9888),
	 ('2b9dd9a7-eb83-4fcc-a479-4489e0571e06',1765762332,'f92e7198-60d4-4c63-a95f-20f4039d1f3b','46e83ef9-ab70-4667-8653-aaf75a80382c','2023-03-07 08:38:57.455456','2023-03-07 08:38:57.455508',7163),
	 ('b933fa30-faea-4166-b511-03445264d69d',1532047306,'f92e7198-60d4-4c63-a95f-20f4039d1f3b','b5c5941b-d6ff-4073-8842-a326d29cbae9','2023-03-07 08:38:57.462803','2023-03-07 08:38:57.462824',1629),
	 ('3f181412-7018-486b-a656-9d8e81dff613',1321053539,'999db460-516e-48d8-bc20-cecd85844e89','b040f023-6933-4503-81a8-b1866f9d6317','2023-03-07 08:38:57.466034','2023-03-07 08:38:57.466063',6687),
	 ('a061f535-6829-4e58-ab93-7b408d2504f3',1628666168,'70a2f4c7-7a5d-4516-9af1-3ce46c084183','03faef4a-f22f-4922-a868-880bf3859aa7','2023-03-07 08:38:57.470143','2023-03-07 08:38:57.47017',7023),
	 ('e228ec47-027f-497a-b497-44b959434e77',1155428524,'70a2f4c7-7a5d-4516-9af1-3ce46c084183','9ad0c93c-7e06-4695-b718-ff25fc1d268c','2023-03-07 08:38:57.473518','2023-03-07 08:38:57.473537',4982),
	 ('ef3fa9c0-2e56-4d63-88b2-84896cc853c8',1144610144,'999db460-516e-48d8-bc20-cecd85844e89','46e83ef9-ab70-4667-8653-aaf75a80382c','2023-03-07 08:38:57.478186','2023-03-07 08:38:57.478201',6608),
	 ('68db587f-a1f9-42e5-8c99-cb2fa477b944',1164312324,'e3fd42a3-4804-4644-9892-18b1f0cbd440','9ad0c93c-7e06-4695-b718-ff25fc1d268c','2023-03-07 08:38:57.480735','2023-03-07 08:38:57.480748',7062);
INSERT INTO public.account (id,acc_no,user_id,currency_id,created_at,updated_at,balance) VALUES
	 ('b9cbd7a9-7f54-4ef3-ba53-69204bed16ae',1317388748,'4a2c2933-889b-4212-be27-81f010158ca0','e07fd634-d7ee-4cb1-a838-70ef3aebb254','2023-03-07 08:38:57.484363','2023-03-07 08:38:57.484384',4174),
	 ('f5c0b82a-4d0a-48d1-8b28-5056530387ff',1661384915,'e28ba9d7-2c24-42fe-a8ba-4b0e1126cfd0','27e72c80-59c7-4a7f-81ac-3c284a70800f','2023-03-07 08:38:57.48697','2023-03-07 08:38:57.486986',7546),
	 ('c5d75079-bdf9-4d81-b5cc-30cd7527858a',1667105201,'8bc9dfb7-dfaa-46c9-bd7e-db00b6711256','b5c5941b-d6ff-4073-8842-a326d29cbae9','2023-03-07 08:38:57.495125','2023-03-07 08:38:57.495155',4533),
	 ('e62277b5-3f59-4f88-bed4-04fbe8c470e8',1894360872,'e28ba9d7-2c24-42fe-a8ba-4b0e1126cfd0','48193390-49b9-4530-b28e-0ce68dafa581','2023-03-07 08:38:57.498106','2023-03-07 08:38:57.498127',9846),
	 ('656aa123-d7b6-48cc-b417-3446bdd3a3c1',1968897786,'4a2c2933-889b-4212-be27-81f010158ca0','b5c5941b-d6ff-4073-8842-a326d29cbae9','2023-03-07 08:38:57.50078','2023-03-07 08:38:57.500793',6603),
	 ('efeaf9fd-d929-46de-9945-e5ad99e4a286',1500428228,'f4961db8-844a-4fa5-b89e-3e2afab706a3','b5c5941b-d6ff-4073-8842-a326d29cbae9','2023-03-07 08:38:57.503477','2023-03-07 08:38:57.50349',4583),
	 ('52c40aa1-9e8b-423a-872f-906d2c7af971',1452837094,'6d755004-5959-4b31-acd4-a8009eb4130e','b040f023-6933-4503-81a8-b1866f9d6317','2023-03-07 08:38:57.509586','2023-03-07 08:38:57.509601',6691),
	 ('ad3cd134-61ca-4fdc-8fac-e68ecef049db',1475260164,'12c11106-f73b-4453-bef2-3c9304864f3c','b040f023-6933-4503-81a8-b1866f9d6317','2023-03-07 08:38:57.516256','2023-03-07 08:38:57.516268',9314),
	 ('764093fe-8c15-4981-90a8-f9507caf9f42',1656280151,'a7503761-5ab3-4edd-b447-38c8cd6aa520','46e83ef9-ab70-4667-8653-aaf75a80382c','2023-03-07 08:38:57.519057','2023-03-07 08:38:57.519069',7420),
	 ('232fa2c1-ca2a-44eb-9cca-fdd977240045',1337200533,'999db460-516e-48d8-bc20-cecd85844e89','b5c5941b-d6ff-4073-8842-a326d29cbae9','2023-03-07 08:38:57.522339','2023-03-07 08:38:57.522358',5165);
INSERT INTO public.account (id,acc_no,user_id,currency_id,created_at,updated_at,balance) VALUES
	 ('13cea07a-f63f-4db4-9408-d24b798272a6',1599431872,'52964470-b29f-4127-b81a-06301711aead','e07fd634-d7ee-4cb1-a838-70ef3aebb254','2023-03-07 08:38:57.527268','2023-03-07 08:38:57.527294',5962),
	 ('d177a3fa-4b8c-4aae-9e78-74346fbd54b6',1756085362,'c25c9de2-cdb9-4b8c-8087-488184d29d3c','e07fd634-d7ee-4cb1-a838-70ef3aebb254','2023-03-07 08:38:57.529608','2023-03-07 08:38:57.529626',5428),
	 ('11df52a2-bc0c-499d-b962-393b8805a494',1320524581,'f92e7198-60d4-4c63-a95f-20f4039d1f3b','46e83ef9-ab70-4667-8653-aaf75a80382c','2023-03-07 08:38:57.532898','2023-03-07 08:38:57.532909',2137),
	 ('21aff15a-83ab-422c-925c-9988800a4086',1393399271,'12c11106-f73b-4453-bef2-3c9304864f3c','b5c5941b-d6ff-4073-8842-a326d29cbae9','2023-03-07 08:38:57.535408','2023-03-07 08:38:57.535419',6620),
	 ('ff6b376b-597e-446b-a157-47cef0bf0881',1001264831,'4a2c2933-889b-4212-be27-81f010158ca0','e07fd634-d7ee-4cb1-a838-70ef3aebb254','2023-03-07 08:38:57.537881','2023-03-07 08:38:57.537894',5200),
	 ('664dd3a2-e517-41c9-89a9-793f09841554',1285667450,'e3fd42a3-4804-4644-9892-18b1f0cbd440','b5c5941b-d6ff-4073-8842-a326d29cbae9','2023-03-07 08:38:57.540583','2023-03-07 08:38:57.540606',2934),
	 ('e93a02ac-ac7e-4516-88d0-c91ea2dca707',1999065663,'f92e7198-60d4-4c63-a95f-20f4039d1f3b','9ad0c93c-7e06-4695-b718-ff25fc1d268c','2023-03-07 08:38:57.543022','2023-03-07 08:38:57.543035',2435),
	 ('7086ac50-492c-43c7-94ae-6bffd1cfaf78',1787720969,'12c11106-f73b-4453-bef2-3c9304864f3c','46e83ef9-ab70-4667-8653-aaf75a80382c','2023-03-07 08:38:57.546666','2023-03-07 08:38:57.54669',4578),
	 ('c5ad48f4-a615-4def-9363-e2a545f2b3ff',1037080790,'210354fa-c0ec-4cb8-b8a2-3347a6d5eb7c','9ad0c93c-7e06-4695-b718-ff25fc1d268c','2023-03-07 08:38:57.551526','2023-03-07 08:38:57.551535',9415),
	 ('9a6b19b5-ac64-4325-b528-29edfeff3fdf',1854633398,'e3fd42a3-4804-4644-9892-18b1f0cbd440','6aa85959-235f-4212-b570-0116777002c5','2023-03-07 08:38:57.553855','2023-03-07 08:38:57.553863',9036);
INSERT INTO public.account (id,acc_no,user_id,currency_id,created_at,updated_at,balance) VALUES
	 ('e5754f4b-4ee8-4f87-9e41-4567baba9003',1153812797,'e28ba9d7-2c24-42fe-a8ba-4b0e1126cfd0','b040f023-6933-4503-81a8-b1866f9d6317','2023-03-07 08:38:57.556686','2023-03-07 08:38:57.556696',3512),
	 ('c3c43a6f-48e3-4f88-87a1-764ab1e13353',1349539544,'e28ba9d7-2c24-42fe-a8ba-4b0e1126cfd0','27e72c80-59c7-4a7f-81ac-3c284a70800f','2023-03-07 08:38:57.558936','2023-03-07 08:38:57.558945',9616),
	 ('1d4dc884-7469-4541-9a7a-d48cc66f0762',1014757544,'70a2f4c7-7a5d-4516-9af1-3ce46c084183','b040f023-6933-4503-81a8-b1866f9d6317','2023-03-07 08:38:57.561599','2023-03-07 08:38:57.561609',2714),
	 ('4e148709-bf7b-42bc-9e1e-5e3589d0e162',1169515845,'6d755004-5959-4b31-acd4-a8009eb4130e','48193390-49b9-4530-b28e-0ce68dafa581','2023-03-07 08:38:57.564533','2023-03-07 08:38:57.564547',8379),
	 ('7f1d6ef3-5e89-4fc6-8b76-7d42f9e0bd9d',1998033611,'f92e7198-60d4-4c63-a95f-20f4039d1f3b','277fd974-4b67-4a2b-b469-c4ecd75651af','2023-03-07 08:38:57.567349','2023-03-07 08:38:57.567363',3031),
	 ('8e89e2fd-d959-4596-af7b-4e023ef58288',1830046239,'6d755004-5959-4b31-acd4-a8009eb4130e','e07fd634-d7ee-4cb1-a838-70ef3aebb254','2023-03-07 08:38:57.572288','2023-03-07 08:38:57.5723',1930),
	 ('c679ac63-ba12-427a-8173-bc1339eeac82',1622261778,'071ddb5a-55ae-44b5-b91a-36c921f13b01','27e72c80-59c7-4a7f-81ac-3c284a70800f','2023-03-07 08:38:57.578105','2023-03-07 08:38:57.578121',8235),
	 ('4dae5b7a-90a7-478b-953d-5ffba7d190a0',1170946514,'c25c9de2-cdb9-4b8c-8087-488184d29d3c','6aa85959-235f-4212-b570-0116777002c5','2023-03-07 08:38:57.581173','2023-03-07 08:38:57.581187',8449),
	 ('0a88540f-6fa6-450e-8a6e-8d6a9f03b253',1420297360,'071ddb5a-55ae-44b5-b91a-36c921f13b01','e07fd634-d7ee-4cb1-a838-70ef3aebb254','2023-03-07 08:38:57.583829','2023-03-07 08:38:57.583842',3391),
	 ('d8372d6d-80e4-4b3b-8a5b-a2c316573208',1640048412,'f92e7198-60d4-4c63-a95f-20f4039d1f3b','03faef4a-f22f-4922-a868-880bf3859aa7','2023-03-07 08:38:57.586845','2023-03-07 08:38:57.586861',7839);
INSERT INTO public.account (id,acc_no,user_id,currency_id,created_at,updated_at,balance) VALUES
	 ('66fbb527-0dd8-4523-b461-dae2ca084790',1987532517,'c25c9de2-cdb9-4b8c-8087-488184d29d3c','27e72c80-59c7-4a7f-81ac-3c284a70800f','2023-03-07 08:38:57.589811','2023-03-07 08:38:57.589828',1852),
	 ('2ab63903-333d-4f3a-bb90-e6268b839b19',1643273280,'12c11106-f73b-4453-bef2-3c9304864f3c','6aa85959-235f-4212-b570-0116777002c5','2023-03-07 08:38:57.593074','2023-03-07 08:38:57.593109',8757),
	 ('dbfaadaf-5cac-43dd-9889-f1cdf42b025d',1178401591,'a7503761-5ab3-4edd-b447-38c8cd6aa520','6aa85959-235f-4212-b570-0116777002c5','2023-03-07 08:38:57.595815','2023-03-07 08:38:57.59583',6102),
	 ('7fafc276-ee64-43d5-a581-cc44c2cd5503',1489382988,'e3fd42a3-4804-4644-9892-18b1f0cbd440','27e72c80-59c7-4a7f-81ac-3c284a70800f','2023-03-07 08:38:57.598284','2023-03-07 08:38:57.598298',1108),
	 ('33015902-265a-4e39-b53e-9b7e2bb0eac2',1387148754,'999db460-516e-48d8-bc20-cecd85844e89','b5c5941b-d6ff-4073-8842-a326d29cbae9','2023-03-07 08:38:57.607037','2023-03-07 08:38:57.607054',2001),
	 ('93640d56-8f8f-4ff4-8241-1f25be22821c',1627157062,'e3fd42a3-4804-4644-9892-18b1f0cbd440','03faef4a-f22f-4922-a868-880bf3859aa7','2023-03-07 08:38:57.610487','2023-03-07 08:38:57.610509',1465),
	 ('94a19e1d-eccf-4928-ae81-55b4ba8b10e1',1104619462,'52964470-b29f-4127-b81a-06301711aead','9ad0c93c-7e06-4695-b718-ff25fc1d268c','2023-03-07 08:38:57.613355','2023-03-07 08:38:57.613384',9174),
	 ('4a97fe18-586b-4ac3-8722-122019f540a2',1470968873,'6d755004-5959-4b31-acd4-a8009eb4130e','9ad0c93c-7e06-4695-b718-ff25fc1d268c','2023-03-07 08:38:57.61627','2023-03-07 08:38:57.616281',5332),
	 ('eab22516-9aac-4df4-b635-b76fb5277813',1168357555,'70a2f4c7-7a5d-4516-9af1-3ce46c084183','b040f023-6933-4503-81a8-b1866f9d6317','2023-03-07 08:38:57.61965','2023-03-07 08:38:57.619661',4749),
	 ('02146d1e-bd2a-43f8-ad72-fe5a373b9f1a',1133637283,'071ddb5a-55ae-44b5-b91a-36c921f13b01','46e83ef9-ab70-4667-8653-aaf75a80382c','2023-03-07 08:38:57.622844','2023-03-07 08:38:57.622853',6033);
INSERT INTO public.account (id,acc_no,user_id,currency_id,created_at,updated_at,balance) VALUES
	 ('6ea39269-5a0f-4310-afaf-e994defb2706',1673721183,'6d755004-5959-4b31-acd4-a8009eb4130e','b5c5941b-d6ff-4073-8842-a326d29cbae9','2023-03-07 08:38:57.625471','2023-03-07 08:38:57.625478',9112),
	 ('b4c552b0-d5b9-47f3-ae62-d4b751774106',1955803745,'42530460-699c-4330-8689-c62f04e9c4e7','b040f023-6933-4503-81a8-b1866f9d6317','2023-03-07 08:38:57.628075','2023-03-07 08:38:57.628091',7022),
	 ('83937f7f-3f26-4619-b4db-e0ae0fd93a7e',1144049559,'f92e7198-60d4-4c63-a95f-20f4039d1f3b','b040f023-6933-4503-81a8-b1866f9d6317','2023-03-07 08:38:57.634168','2023-03-07 08:38:57.634182',5611),
	 ('c7f6b7b6-0deb-41e8-aeca-30018553e71b',1817147500,'02fd5b27-150e-483d-b65f-714a7f516131','b5c5941b-d6ff-4073-8842-a326d29cbae9','2023-03-07 08:38:57.636674','2023-03-07 08:38:57.636684',8001),
	 ('9fa14de4-ab6c-42c6-b522-6ffcd42862ad',1545678956,'70a2f4c7-7a5d-4516-9af1-3ce46c084183','9ad0c93c-7e06-4695-b718-ff25fc1d268c','2023-03-07 08:38:57.639802','2023-03-07 08:38:57.639811',3557),
	 ('a8c5856a-4ff9-4297-b816-64306bd68ec1',1129131594,'d6a142d4-e10c-45e2-9bae-1b12d7258fcd','b5c5941b-d6ff-4073-8842-a326d29cbae9','2023-03-07 08:38:57.642688','2023-03-07 08:38:57.642697',9677),
	 ('52bf1d7e-4789-4e54-8be0-2280250f2fc9',1245643166,'52964470-b29f-4127-b81a-06301711aead','03faef4a-f22f-4922-a868-880bf3859aa7','2023-03-07 08:38:57.64784','2023-03-07 08:38:57.647855',8071),
	 ('2da60eb2-f8a1-4ec6-aa34-975eacb21601',1303641397,'999db460-516e-48d8-bc20-cecd85844e89','e07fd634-d7ee-4cb1-a838-70ef3aebb254','2023-03-07 08:38:57.650631','2023-03-07 08:38:57.650644',3009),
	 ('c1bb8deb-4fd7-4d8b-8daf-f65012d8e8fd',1028797215,'02fd5b27-150e-483d-b65f-714a7f516131','46e83ef9-ab70-4667-8653-aaf75a80382c','2023-03-07 08:38:57.653559','2023-03-07 08:38:57.65357',1493),
	 ('57b996b6-c0d1-4aab-a15d-98b724dfab43',1872035310,'6d755004-5959-4b31-acd4-a8009eb4130e','46e83ef9-ab70-4667-8653-aaf75a80382c','2023-03-07 08:38:57.656016','2023-03-07 08:38:57.656028',3526);
INSERT INTO public.account (id,acc_no,user_id,currency_id,created_at,updated_at,balance) VALUES
	 ('22c8a719-46f5-48bb-b278-7d676ed4dd8c',1568199470,'999db460-516e-48d8-bc20-cecd85844e89','03faef4a-f22f-4922-a868-880bf3859aa7','2023-03-07 08:38:57.661924','2023-03-07 08:38:57.661936',5864),
	 ('a0cbfd59-8c8b-4d3b-b2a9-c5033016c862',1897808685,'c25c9de2-cdb9-4b8c-8087-488184d29d3c','b5c5941b-d6ff-4073-8842-a326d29cbae9','2023-03-07 08:38:57.66492','2023-03-07 08:38:57.664929',3003),
	 ('11d62a1d-288f-4be1-9107-d0ec75a7c453',1481088706,'6d755004-5959-4b31-acd4-a8009eb4130e','e07fd634-d7ee-4cb1-a838-70ef3aebb254','2023-03-07 08:38:57.667418','2023-03-07 08:38:57.667426',6063),
	 ('6396624d-259a-46ca-baa4-e4551dc2a5f9',1359213140,'8bc9dfb7-dfaa-46c9-bd7e-db00b6711256','e07fd634-d7ee-4cb1-a838-70ef3aebb254','2023-03-07 08:38:57.670411','2023-03-07 08:38:57.670424',1239),
	 ('252c8ba6-d151-4475-a623-16a3b6bd1bd5',1541680845,'6d755004-5959-4b31-acd4-a8009eb4130e','6aa85959-235f-4212-b570-0116777002c5','2023-03-07 08:38:57.673084','2023-03-07 08:38:57.673105',2441),
	 ('f3266db0-99ae-4c07-b81f-582f4b474df2',1406752563,'4a2c2933-889b-4212-be27-81f010158ca0','27e72c80-59c7-4a7f-81ac-3c284a70800f','2023-03-07 08:38:57.676429','2023-03-07 08:38:57.676439',1590),
	 ('d184a78c-0df1-4f20-a2ec-de7f23ea1d79',1715329322,'999db460-516e-48d8-bc20-cecd85844e89','6aa85959-235f-4212-b570-0116777002c5','2023-03-07 08:38:57.679071','2023-03-07 08:38:57.679079',3741),
	 ('4abbf459-2a88-42c4-8905-6b68a3d4c91a',1694112543,'d6a142d4-e10c-45e2-9bae-1b12d7258fcd','277fd974-4b67-4a2b-b469-c4ecd75651af','2023-03-07 08:38:57.681415','2023-03-07 08:38:57.681427',9117),
	 ('bf16f320-495b-4e1d-a74a-263fd2e05b7b',1539977295,'a7503761-5ab3-4edd-b447-38c8cd6aa520','b5c5941b-d6ff-4073-8842-a326d29cbae9','2023-03-07 08:38:57.686617','2023-03-07 08:38:57.686626',6432),
	 ('b3fbb45a-36d3-46e8-80e5-ddf0ff828965',1708598930,'21982774-098a-4f68-a625-cfbf3784b88b','e07fd634-d7ee-4cb1-a838-70ef3aebb254','2023-03-07 08:58:30.033582','2023-03-07 08:58:30.033599',4279);
INSERT INTO public.account (id,acc_no,user_id,currency_id,created_at,updated_at,balance) VALUES
	 ('933ebe4f-0941-4cd6-8a4c-0228db83fe79',1385735488,'d6a142d4-e10c-45e2-9bae-1b12d7258fcd','277fd974-4b67-4a2b-b469-c4ecd75651af','2023-03-07 08:38:57.441481','2023-03-07 08:38:57.441504',7458),
	 ('6229bdc8-8fea-474b-aaa7-2aa72db91b24',1584793282,'21982774-098a-4f68-a625-cfbf3784b88b','b5c5941b-d6ff-4073-8842-a326d29cbae9','2023-03-07 08:58:30.048478','2023-03-07 08:58:30.048492',8042),
	 ('4540050c-8441-4a75-8625-9d5c3ac6c6a9',1472731327,'71dab8ab-86ea-4f0c-ba82-1872143f1803','e07fd634-d7ee-4cb1-a838-70ef3aebb254','2023-03-07 08:58:30.05189','2023-03-07 08:58:30.051904',4994),
	 ('1f84f283-3730-40e2-9d34-23bec824cfae',1456688526,'35594816-868a-48a2-bc08-930794b9805d','277fd974-4b67-4a2b-b469-c4ecd75651af','2023-03-07 08:58:30.055139','2023-03-07 08:58:30.055155',7226),
	 ('2e114caa-7255-41ab-b8ad-6ce70a57e3d8',1918466256,'eee83111-2e91-4e50-8b29-474a8c02a48a','277fd974-4b67-4a2b-b469-c4ecd75651af','2023-03-07 08:58:30.060673','2023-03-07 08:58:30.060687',9501),
	 ('08a00ea8-40db-4e9a-b86e-ce0cc575ab5d',1462379539,'70a2f4c7-7a5d-4516-9af1-3ce46c084183','b040f023-6933-4503-81a8-b1866f9d6317','2023-03-07 08:58:30.063102','2023-03-07 08:58:30.063117',1559),
	 ('8f03ac1b-f72b-41b7-8a89-7309d7dfd2f5',1840463466,'5ae55cbd-87c0-4136-b78c-4da4098d4dc5','27e72c80-59c7-4a7f-81ac-3c284a70800f','2023-03-07 08:58:30.065973','2023-03-07 08:58:30.065987',2755),
	 ('6d0e0fce-6c3a-42fe-b895-b3831e3be6fb',1362693028,'8cfba745-4f90-4513-b96e-0e3173534fe9','27e72c80-59c7-4a7f-81ac-3c284a70800f','2023-03-07 08:58:30.070184','2023-03-07 08:58:30.0702',2915),
	 ('d5d958f1-9ef4-4776-bc0b-bcb8599a649f',1764063020,'be82afbc-fda0-4c36-8a26-9798b1ab6dcd','46e83ef9-ab70-4667-8653-aaf75a80382c','2023-03-07 08:58:30.072947','2023-03-07 08:58:30.07296',9902),
	 ('286e2984-8d37-4c73-adc5-5ca88db24651',1522886782,'be82afbc-fda0-4c36-8a26-9798b1ab6dcd','b040f023-6933-4503-81a8-b1866f9d6317','2023-03-07 08:58:30.075764','2023-03-07 08:58:30.075777',1492);
INSERT INTO public.account (id,acc_no,user_id,currency_id,created_at,updated_at,balance) VALUES
	 ('306afd3c-f541-4046-b0ba-ba0110008088',1191253084,'999db460-516e-48d8-bc20-cecd85844e89','9ad0c93c-7e06-4695-b718-ff25fc1d268c','2023-03-07 08:58:30.079183','2023-03-07 08:58:30.079199',8007),
	 ('6a42cff5-f79f-4a99-bc38-03b07f681abe',1297835777,'eee83111-2e91-4e50-8b29-474a8c02a48a','27e72c80-59c7-4a7f-81ac-3c284a70800f','2023-03-07 08:58:30.081898','2023-03-07 08:58:30.081912',1427),
	 ('74c3d75d-d8f7-4043-b88d-914678dae665',1591081902,'9ca23b04-20e7-4dc1-bffa-0c013f3ae102','277fd974-4b67-4a2b-b469-c4ecd75651af','2023-03-07 08:58:30.08872','2023-03-07 08:58:30.088737',4447),
	 ('67451ed5-4aa8-4e08-8e97-72e259da97e6',1782758064,'5ae55cbd-87c0-4136-b78c-4da4098d4dc5','48193390-49b9-4530-b28e-0ce68dafa581','2023-03-07 08:58:30.091523','2023-03-07 08:58:30.09154',2688),
	 ('9d521c05-84d9-4c48-8145-4d9b30ee1ead',1009198530,'c6478063-ab05-4726-8129-4af2218cc964','46e83ef9-ab70-4667-8653-aaf75a80382c','2023-03-07 08:58:30.094643','2023-03-07 08:58:30.094659',3672),
	 ('b1a382e5-b53b-449b-baf6-689f0b7b87ae',1326457505,'9494980f-c327-482f-88a4-7def38545dbc','b5c5941b-d6ff-4073-8842-a326d29cbae9','2023-03-07 08:58:30.097414','2023-03-07 08:58:30.097426',5160),
	 ('f17ccde3-7780-4ebb-a595-44d1f3af4616',1187858918,'f4961db8-844a-4fa5-b89e-3e2afab706a3','e07fd634-d7ee-4cb1-a838-70ef3aebb254','2023-03-07 08:58:30.099919','2023-03-07 08:58:30.099933',2229),
	 ('b2a4c174-160d-4f42-b177-d81db81af175',1579452421,'d4b7d970-a097-4c8b-b480-825b6a75b980','48193390-49b9-4530-b28e-0ce68dafa581','2023-03-07 08:58:30.102643','2023-03-07 08:58:30.102663',7701),
	 ('962b68f8-dc58-4b62-864f-8b23abe5e221',1043041814,'12c11106-f73b-4453-bef2-3c9304864f3c','277fd974-4b67-4a2b-b469-c4ecd75651af','2023-03-07 08:58:30.105368','2023-03-07 08:58:30.105388',7644),
	 ('c36e7241-1e8a-47f8-84c5-5178f22f87c7',1526178003,'8cfba745-4f90-4513-b96e-0e3173534fe9','277fd974-4b67-4a2b-b469-c4ecd75651af','2023-03-07 08:58:30.107967','2023-03-07 08:58:30.107981',2747);
INSERT INTO public.account (id,acc_no,user_id,currency_id,created_at,updated_at,balance) VALUES
	 ('1b9645e2-6ccc-48b0-8614-bf33dbcb254c',1145102214,'c6478063-ab05-4726-8129-4af2218cc964','27e72c80-59c7-4a7f-81ac-3c284a70800f','2023-03-07 08:58:30.113318','2023-03-07 08:58:30.113336',2782),
	 ('fb231189-18f5-4d1d-8670-02585c085dbf',1198537428,'eee83111-2e91-4e50-8b29-474a8c02a48a','277fd974-4b67-4a2b-b469-c4ecd75651af','2023-03-07 08:58:30.116214','2023-03-07 08:58:30.116227',5085),
	 ('6ad90eac-51ba-4419-bf31-b77bdd7a06f7',1953572657,'70a2f4c7-7a5d-4516-9af1-3ce46c084183','46e83ef9-ab70-4667-8653-aaf75a80382c','2023-03-07 08:58:30.119413','2023-03-07 08:58:30.11943',2252),
	 ('ac8a457e-2620-488f-834c-a7137c493ec3',1515828965,'42530460-699c-4330-8689-c62f04e9c4e7','6aa85959-235f-4212-b570-0116777002c5','2023-03-07 08:58:30.12342','2023-03-07 08:58:30.123437',7016),
	 ('5b88ba44-002d-4804-8771-41d7a3c3b992',1358179274,'21982774-098a-4f68-a625-cfbf3784b88b','6aa85959-235f-4212-b570-0116777002c5','2023-03-07 08:58:30.126042','2023-03-07 08:58:30.126057',7547),
	 ('81bc1d88-489d-46aa-95b2-f8c0585c5195',1382725090,'9ca23b04-20e7-4dc1-bffa-0c013f3ae102','6aa85959-235f-4212-b570-0116777002c5','2023-03-07 08:58:30.129024','2023-03-07 08:58:30.129038',4061),
	 ('2ee6684c-5f55-4084-8606-37b516defb70',1475908625,'4c4d535a-c788-4a25-8392-c75b5986dd62','277fd974-4b67-4a2b-b469-c4ecd75651af','2023-03-07 08:58:30.131344','2023-03-07 08:58:30.131355',7512),
	 ('6cb5d35e-7a77-4e25-8407-c15f2ccef3cb',1675900778,'210354fa-c0ec-4cb8-b8a2-3347a6d5eb7c','46e83ef9-ab70-4667-8653-aaf75a80382c','2023-03-07 08:58:30.133984','2023-03-07 08:58:30.134',3023),
	 ('4dcb5de0-da53-4f88-ba82-838055190b90',1096506602,'d4b7d970-a097-4c8b-b480-825b6a75b980','03faef4a-f22f-4922-a868-880bf3859aa7','2023-03-07 08:58:30.139885','2023-03-07 08:58:30.139901',3828),
	 ('6a393eea-0afa-4465-94b9-7927e7d84a30',1614381337,'f4961db8-844a-4fa5-b89e-3e2afab706a3','9ad0c93c-7e06-4695-b718-ff25fc1d268c','2023-03-07 08:58:30.142315','2023-03-07 08:58:30.142328',3310);
INSERT INTO public.account (id,acc_no,user_id,currency_id,created_at,updated_at,balance) VALUES
	 ('9a231332-7006-4303-9c5b-96a6e7b21cb1',1865283773,'c7a74945-2099-49ae-85fa-f20d30f876b9','03faef4a-f22f-4922-a868-880bf3859aa7','2023-03-07 08:58:30.145055','2023-03-07 08:58:30.14507',9260),
	 ('e5e3bdcd-b4c5-447b-8135-65605a435c19',1410937109,'9494980f-c327-482f-88a4-7def38545dbc','b040f023-6933-4503-81a8-b1866f9d6317','2023-03-07 08:58:30.153579','2023-03-07 08:58:30.153612',7500),
	 ('6c499c9f-0177-49cb-aab6-cd13f2737624',1522158879,'be82afbc-fda0-4c36-8a26-9798b1ab6dcd','9ad0c93c-7e06-4695-b718-ff25fc1d268c','2023-03-07 08:58:30.160371','2023-03-07 08:58:30.160405',6324),
	 ('d95090dd-f9ad-4b86-8446-71102eb323c8',1845736565,'02fd5b27-150e-483d-b65f-714a7f516131','e07fd634-d7ee-4cb1-a838-70ef3aebb254','2023-03-07 08:58:30.164372','2023-03-07 08:58:30.164413',3460),
	 ('9817715d-5ccc-4ef5-ad20-6209a87693aa',1579989794,'35594816-868a-48a2-bc08-930794b9805d','b040f023-6933-4503-81a8-b1866f9d6317','2023-03-07 08:58:30.169906','2023-03-07 08:58:30.169926',2552),
	 ('32b9c3f9-e8da-4584-af46-2793f33d14af',1742271656,'210354fa-c0ec-4cb8-b8a2-3347a6d5eb7c','03faef4a-f22f-4922-a868-880bf3859aa7','2023-03-07 08:58:30.173385','2023-03-07 08:58:30.173404',3801),
	 ('29aa6205-cfb6-4630-ba6f-1f78651404da',1502490826,'7a9385d0-a3df-4464-8259-a8c53555e5b5','27e72c80-59c7-4a7f-81ac-3c284a70800f','2023-03-07 08:58:30.180575','2023-03-07 08:58:30.180594',5522),
	 ('ecd778c7-c0ef-422e-a7e8-4666a1037ed1',1275058905,'c7a74945-2099-49ae-85fa-f20d30f876b9','6aa85959-235f-4212-b570-0116777002c5','2023-03-07 08:58:30.188396','2023-03-07 08:58:30.188422',3123),
	 ('62b9f6d4-33a9-4649-ba9f-7acae9f69bf0',1487524695,'02fd5b27-150e-483d-b65f-714a7f516131','03faef4a-f22f-4922-a868-880bf3859aa7','2023-03-07 08:58:30.191867','2023-03-07 08:58:30.191901',6365),
	 ('1298a245-9762-4407-be30-7672797a0c19',1446241208,'bd785d87-f85f-43b2-980f-274dee82a5aa','6aa85959-235f-4212-b570-0116777002c5','2023-03-07 08:58:30.195332','2023-03-07 08:58:30.195352',5634);
INSERT INTO public.account (id,acc_no,user_id,currency_id,created_at,updated_at,balance) VALUES
	 ('62dc4035-fd97-4cd4-92ca-cd00f4ad190f',1024293080,'70a2f4c7-7a5d-4516-9af1-3ce46c084183','46e83ef9-ab70-4667-8653-aaf75a80382c','2023-03-07 08:58:30.198463','2023-03-07 08:58:30.198477',7789),
	 ('c284704a-b0dd-481f-b790-1196fc9d49e0',1358570527,'9494980f-c327-482f-88a4-7def38545dbc','48193390-49b9-4530-b28e-0ce68dafa581','2023-03-07 08:58:30.201174','2023-03-07 08:58:30.201188',6043),
	 ('8b7c24a4-41f4-4c58-9710-ddc348cf0198',1671465877,'7a9385d0-a3df-4464-8259-a8c53555e5b5','48193390-49b9-4530-b28e-0ce68dafa581','2023-03-07 08:58:30.204095','2023-03-07 08:58:30.204106',4108),
	 ('d9bbb221-867b-40c9-b75d-d08fe8561842',1957426042,'8cfba745-4f90-4513-b96e-0e3173534fe9','6aa85959-235f-4212-b570-0116777002c5','2023-03-07 08:58:30.209239','2023-03-07 08:58:30.209251',4186),
	 ('28a6703f-6546-4c1c-9420-e830a6b08a93',1036132367,'4a2c2933-889b-4212-be27-81f010158ca0','46e83ef9-ab70-4667-8653-aaf75a80382c','2023-03-07 08:58:30.211924','2023-03-07 08:58:30.211939',2868),
	 ('eda00488-dbba-43d6-bead-e7a0e73a8280',1855038377,'999db460-516e-48d8-bc20-cecd85844e89','6aa85959-235f-4212-b570-0116777002c5','2023-03-07 08:58:30.214641','2023-03-07 08:58:30.214656',2631),
	 ('3e1f9665-2c45-40d1-9583-b5bf686a65d8',1716327203,'e28ba9d7-2c24-42fe-a8ba-4b0e1126cfd0','277fd974-4b67-4a2b-b469-c4ecd75651af','2023-03-07 08:58:30.217517','2023-03-07 08:58:30.217534',3781),
	 ('30e2b24a-6267-4e31-ae7d-61c148730e26',1783460021,'21982774-098a-4f68-a625-cfbf3784b88b','46e83ef9-ab70-4667-8653-aaf75a80382c','2023-03-07 08:58:30.2209','2023-03-07 08:58:30.220919',2265),
	 ('59807ee3-6d26-410a-95c6-bae1439ed598',1379241018,'e28ba9d7-2c24-42fe-a8ba-4b0e1126cfd0','e07fd634-d7ee-4cb1-a838-70ef3aebb254','2023-03-07 08:58:30.22428','2023-03-07 08:58:30.224295',5874),
	 ('2059de55-da4f-4d62-b60e-3717d92149ef',1149305696,'ddd0b2c3-5e40-4177-80c3-0f5f5ac053d9','b5c5941b-d6ff-4073-8842-a326d29cbae9','2023-03-07 08:58:30.226952','2023-03-07 08:58:30.226968',9825);
INSERT INTO public.account (id,acc_no,user_id,currency_id,created_at,updated_at,balance) VALUES
	 ('cc4b03e2-e49c-4cf2-910b-6768a1ee0b6d',1595601450,'35594816-868a-48a2-bc08-930794b9805d','03faef4a-f22f-4922-a868-880bf3859aa7','2023-03-07 08:58:30.229911','2023-03-07 08:58:30.229932',3980),
	 ('58ecc820-d8aa-49e5-b8af-beb5b959baa1',1683342261,'9494980f-c327-482f-88a4-7def38545dbc','27e72c80-59c7-4a7f-81ac-3c284a70800f','2023-03-07 08:58:30.235535','2023-03-07 08:58:30.235549',5635),
	 ('59641dab-f4ac-4a34-83d2-ebb097be5afd',1004225837,'071ddb5a-55ae-44b5-b91a-36c921f13b01','277fd974-4b67-4a2b-b469-c4ecd75651af','2023-03-07 08:58:30.238193','2023-03-07 08:58:30.238207',7610),
	 ('b34a0a2e-ab16-428e-96d0-e095b3bc110c',1501799138,'c25c9de2-cdb9-4b8c-8087-488184d29d3c','27e72c80-59c7-4a7f-81ac-3c284a70800f','2023-03-07 08:58:30.241307','2023-03-07 08:58:30.241322',1263),
	 ('6c790768-92f2-437d-b691-4a6daaa36bc8',1430627991,'c7a74945-2099-49ae-85fa-f20d30f876b9','277fd974-4b67-4a2b-b469-c4ecd75651af','2023-03-07 08:58:30.24477','2023-03-07 08:58:30.244786',7819),
	 ('f0aab059-3fae-4017-8a7c-eebc2ed3815f',1699582732,'70a2f4c7-7a5d-4516-9af1-3ce46c084183','9ad0c93c-7e06-4695-b718-ff25fc1d268c','2023-03-07 08:58:30.24713','2023-03-07 08:58:30.247141',3870),
	 ('d2a7c303-fa28-4c88-83d6-d483cf9b6227',1693677033,'01f04850-59ce-4829-9a35-9608806f3937','46e83ef9-ab70-4667-8653-aaf75a80382c','2023-03-07 08:58:30.249165','2023-03-07 08:58:30.249182',5775),
	 ('29d99d43-f497-42a8-a365-299c1e8e7bb4',1761457684,'a7503761-5ab3-4edd-b447-38c8cd6aa520','27e72c80-59c7-4a7f-81ac-3c284a70800f','2023-03-07 08:58:30.251833','2023-03-07 08:58:30.251865',4644),
	 ('91e488b0-3fc5-4327-a7e3-349422a06297',1961444190,'4c4d535a-c788-4a25-8392-c75b5986dd62','e07fd634-d7ee-4cb1-a838-70ef3aebb254','2023-03-07 08:58:30.25432','2023-03-07 08:58:30.25433',9840),
	 ('ee837abf-334b-4923-a090-1980e2494aee',1487357148,'c7a74945-2099-49ae-85fa-f20d30f876b9','e07fd634-d7ee-4cb1-a838-70ef3aebb254','2023-03-07 08:58:30.259772','2023-03-07 08:58:30.259783',2048);
INSERT INTO public.account (id,acc_no,user_id,currency_id,created_at,updated_at,balance) VALUES
	 ('836af86e-1827-405e-ae04-425e270297e9',1635417424,'9494980f-c327-482f-88a4-7def38545dbc','6aa85959-235f-4212-b570-0116777002c5','2023-03-07 08:58:30.262031','2023-03-07 08:58:30.262041',1022),
	 ('646ff832-9e73-45d1-8be3-ebe9bb54fd0f',1454503421,'c25c9de2-cdb9-4b8c-8087-488184d29d3c','277fd974-4b67-4a2b-b469-c4ecd75651af','2023-03-07 08:58:30.267947','2023-03-07 08:58:30.26796',8945),
	 ('3f24b15c-cbfd-4197-aabe-49355ed8fe62',1324498900,'35594816-868a-48a2-bc08-930794b9805d','b5c5941b-d6ff-4073-8842-a326d29cbae9','2023-03-07 08:58:30.271578','2023-03-07 08:58:30.271591',9343),
	 ('22281e38-5b42-4e99-9ef5-c08d0b4ba673',1949732042,'bd785d87-f85f-43b2-980f-274dee82a5aa','6aa85959-235f-4212-b570-0116777002c5','2023-03-07 08:58:30.273873','2023-03-07 08:58:30.273882',5450),
	 ('9cf7edf3-bc51-456d-aee9-0e288ba4793f',1994067550,'724019f1-a908-40cb-a41f-114a6999adb9','6aa85959-235f-4212-b570-0116777002c5','2023-03-07 08:58:30.276409','2023-03-07 08:58:30.276422',6767),
	 ('03fe5d44-6571-4037-b7f1-ef0f9adc4f36',1972472182,'e3fd42a3-4804-4644-9892-18b1f0cbd440','b5c5941b-d6ff-4073-8842-a326d29cbae9','2023-03-07 08:58:30.27904','2023-03-07 08:58:30.279051',7761),
	 ('4e3e6da9-918f-4884-94b2-d9a74ed386a2',1751226742,'9494980f-c327-482f-88a4-7def38545dbc','b040f023-6933-4503-81a8-b1866f9d6317','2023-03-07 08:58:30.281201','2023-03-07 08:58:30.281211',9892),
	 ('f2a69999-f2d3-4f11-a417-de3fb67e1aef',1603245266,'01f04850-59ce-4829-9a35-9608806f3937','b5c5941b-d6ff-4073-8842-a326d29cbae9','2023-03-07 08:58:30.287025','2023-03-07 08:58:30.287038',1876),
	 ('d24e8432-6e8f-48b7-bd23-aaa953a2a613',1157646677,'999db460-516e-48d8-bc20-cecd85844e89','277fd974-4b67-4a2b-b469-c4ecd75651af','2023-03-07 08:38:57.424525','2023-03-07 08:38:57.424538',7819),
	 ('52286d6a-8734-4c52-a7ca-0222c1ca65e0',1295655075,'a7503761-5ab3-4edd-b447-38c8cd6aa520','e07fd634-d7ee-4cb1-a838-70ef3aebb254','2023-03-07 08:38:57.458769','2023-03-07 08:38:57.458786',8722);
INSERT INTO public.account (id,acc_no,user_id,currency_id,created_at,updated_at,balance) VALUES
	 ('aba66fda-68cf-4c6f-b473-f49cecdef337',1359841048,'c6478063-ab05-4726-8129-4af2218cc964','27e72c80-59c7-4a7f-81ac-3c284a70800f','2023-03-07 08:58:30.045227','2023-03-07 08:58:30.045244',2638),
	 ('68bcbdf6-bb74-4c5e-8ed6-e372a54dce61',1445118000,'4a2c2933-889b-4212-be27-81f010158ca0','27e72c80-59c7-4a7f-81ac-3c284a70800f','2023-03-07 08:38:57.491403','2023-03-07 08:38:57.491423',2365),
	 ('45974212-1396-44a0-aeaf-d39eb87982ea',1788371308,'70a2f4c7-7a5d-4516-9af1-3ce46c084183','03faef4a-f22f-4922-a868-880bf3859aa7','2023-03-07 08:38:57.525087','2023-03-07 08:38:57.525101',2569),
	 ('5a4031e9-e1fc-48dc-aa73-49db9c5e75da',1427016195,'a7503761-5ab3-4edd-b447-38c8cd6aa520','9ad0c93c-7e06-4695-b718-ff25fc1d268c','2023-03-07 08:38:57.549081','2023-03-07 08:38:57.549094',3758),
	 ('6bb87093-f863-4b88-ad82-40213605ac83',1553031930,'999db460-516e-48d8-bc20-cecd85844e89','6aa85959-235f-4212-b570-0116777002c5','2023-03-07 08:38:57.575135','2023-03-07 08:38:57.575152',1435),
	 ('eef80e2d-08f4-49c3-a4af-b96a12bfd217',1054115096,'e3fd42a3-4804-4644-9892-18b1f0cbd440','b040f023-6933-4503-81a8-b1866f9d6317','2023-03-07 08:38:57.601393','2023-03-07 08:38:57.601407',2470),
	 ('7e110bda-beeb-4cf0-ab21-30ae348928cf',1608639278,'d6a142d4-e10c-45e2-9bae-1b12d7258fcd','9ad0c93c-7e06-4695-b718-ff25fc1d268c','2023-03-07 08:38:57.631389','2023-03-07 08:38:57.6314',7423),
	 ('db8040da-69af-4478-a208-bfcda1555f73',1054350634,'02fd5b27-150e-483d-b65f-714a7f516131','27e72c80-59c7-4a7f-81ac-3c284a70800f','2023-03-07 08:38:57.659289','2023-03-07 08:38:57.659304',3221),
	 ('55f0f144-d199-4dee-9289-336e24cb7499',1310124949,'e28ba9d7-2c24-42fe-a8ba-4b0e1126cfd0','6aa85959-235f-4212-b570-0116777002c5','2023-03-07 08:38:57.684156','2023-03-07 08:38:57.684165',3518),
	 ('0d46613f-d353-4a59-a77c-e9f02f0aaa1d',1540988045,'71dab8ab-86ea-4f0c-ba82-1872143f1803','b040f023-6933-4503-81a8-b1866f9d6317','2023-03-07 08:58:30.041137','2023-03-07 08:58:30.041158',3679);
INSERT INTO public.account (id,acc_no,user_id,currency_id,created_at,updated_at,balance) VALUES
	 ('0e6fb8ff-b531-4e8c-9b2b-f06594de5125',1224635406,'e3fd42a3-4804-4644-9892-18b1f0cbd440','b5c5941b-d6ff-4073-8842-a326d29cbae9','2023-03-07 08:58:30.057888','2023-03-07 08:58:30.057901',3015),
	 ('969ca552-ba90-4588-b7a2-3ad7124801f7',1411689114,'a349d4e1-383f-4ad2-90dc-6554729273b9','03faef4a-f22f-4922-a868-880bf3859aa7','2023-03-07 08:58:30.085335','2023-03-07 08:58:30.08535',1011),
	 ('898c15d1-9114-4f16-9f46-3952255c25e2',1050075766,'9ca23b04-20e7-4dc1-bffa-0c013f3ae102','b5c5941b-d6ff-4073-8842-a326d29cbae9','2023-03-07 08:58:30.110557','2023-03-07 08:58:30.110571',6850),
	 ('d1bdb642-e85e-4136-8b4a-0b6379153910',1065217672,'8cfba745-4f90-4513-b96e-0e3173534fe9','9ad0c93c-7e06-4695-b718-ff25fc1d268c','2023-03-07 08:58:30.137282','2023-03-07 08:58:30.1373',9195),
	 ('c137b2fe-0923-4272-9fc2-693038a6124c',1163568224,'35594816-868a-48a2-bc08-930794b9805d','9ad0c93c-7e06-4695-b718-ff25fc1d268c','2023-03-07 08:58:30.177046','2023-03-07 08:58:30.177065',6617),
	 ('142d315d-45be-4511-9342-b66dd197a843',1471399611,'be82afbc-fda0-4c36-8a26-9798b1ab6dcd','9ad0c93c-7e06-4695-b718-ff25fc1d268c','2023-03-07 08:58:30.206512','2023-03-07 08:58:30.206527',6728),
	 ('a61e1fb4-be7e-406c-9cd4-9d7aa0089b1c',1398387548,'a7503761-5ab3-4edd-b447-38c8cd6aa520','b5c5941b-d6ff-4073-8842-a326d29cbae9','2023-03-07 08:58:30.232748','2023-03-07 08:58:30.232768',8575),
	 ('80e733c4-5769-4fa1-8b65-57159da750ad',1015722915,'e3fd42a3-4804-4644-9892-18b1f0cbd440','03faef4a-f22f-4922-a868-880bf3859aa7','2023-03-07 08:58:30.256922','2023-03-07 08:58:30.256934',2573),
	 ('4c7501de-7742-4088-a0b8-4d217688a591',1526269414,'c25c9de2-cdb9-4b8c-8087-488184d29d3c','e07fd634-d7ee-4cb1-a838-70ef3aebb254','2023-03-07 08:58:30.283898','2023-03-07 08:58:30.28391',3472),
	 ('191edba1-3504-41d9-9390-6c5f198ff541',1428239332,'f92e7198-60d4-4c63-a95f-20f4039d1f3b','b5c5941b-d6ff-4073-8842-a326d29cbae9','2023-03-07 08:58:30.184982','2023-03-07 08:58:30.185001',3604);
INSERT INTO public.account (id,acc_no,user_id,currency_id,created_at,updated_at,balance) VALUES
	 ('dc1a9fcc-49fd-4eb3-b546-8ab93aba270a',1942904177,'59f469ba-71d5-41d6-a638-718b62eaf0c9','03faef4a-f22f-4922-a868-880bf3859aa7','2023-03-17 16:56:52.218348','2023-03-17 16:56:52.218362',2112),
	 ('93716b98-844b-46f5-aaa7-59c8d88868d3',1442556873,'02fd5b27-150e-483d-b65f-714a7f516131','46e83ef9-ab70-4667-8653-aaf75a80382c','2023-03-17 16:56:52.225506','2023-03-17 16:56:52.225522',6907),
	 ('b8187e7e-48ac-4929-b480-2fcb627c0ee7',1036309995,'f4961db8-844a-4fa5-b89e-3e2afab706a3','27e72c80-59c7-4a7f-81ac-3c284a70800f','2023-03-17 16:56:52.231756','2023-03-17 16:56:52.231777',6110),
	 ('c94673d0-5ce5-4b1f-8dc6-54a316da881c',1679936245,'cf661758-3516-41b9-bf26-d10016f19994','9ad0c93c-7e06-4695-b718-ff25fc1d268c','2023-03-17 16:56:52.234778','2023-03-17 16:56:52.234792',9664),
	 ('b37d6ce7-b6b6-4739-8edb-c17fda3bf6c5',1632961286,'a349d4e1-383f-4ad2-90dc-6554729273b9','27e72c80-59c7-4a7f-81ac-3c284a70800f','2023-03-17 16:56:52.237651','2023-03-17 16:56:52.237663',5013),
	 ('9556f523-d1fe-4bc8-8c5d-d473041ba186',1099834292,'23729025-6b4c-4218-9288-be88fc7db931','b040f023-6933-4503-81a8-b1866f9d6317','2023-03-17 16:56:52.241493','2023-03-17 16:56:52.241509',4163),
	 ('8f05fcad-bc4d-48a8-9906-a771cd9c9c91',1895243476,'d0c8f7f5-bf73-4ce4-acca-927ba7cbc8e8','03faef4a-f22f-4922-a868-880bf3859aa7','2023-03-17 16:56:52.244259','2023-03-17 16:56:52.244271',7607),
	 ('2169a226-73a5-4b48-9fe3-c066fb195351',1799067159,'42530460-699c-4330-8689-c62f04e9c4e7','46e83ef9-ab70-4667-8653-aaf75a80382c','2023-03-17 16:56:52.246582','2023-03-17 16:56:52.246594',2689),
	 ('ee590588-d83f-4a7b-9016-016815cf2818',1625786670,'4c4d535a-c788-4a25-8392-c75b5986dd62','6aa85959-235f-4212-b570-0116777002c5','2023-03-17 16:56:52.249298','2023-03-17 16:56:52.249314',7452),
	 ('f8d93ba4-20d4-48b0-b486-0b2641caa0e1',1462614813,'a0b811fc-3b66-4de1-9248-06f177f013b0','27e72c80-59c7-4a7f-81ac-3c284a70800f','2023-03-17 16:56:52.25243','2023-03-17 16:56:52.252441',2889);
INSERT INTO public.account (id,acc_no,user_id,currency_id,created_at,updated_at,balance) VALUES
	 ('baae32bf-e28e-42b2-b766-ce91dfd11f19',1996226361,'01f04850-59ce-4829-9a35-9608806f3937','27e72c80-59c7-4a7f-81ac-3c284a70800f','2023-03-17 16:56:52.25562','2023-03-17 16:56:52.255638',4070),
	 ('995830fa-180c-47a6-b059-bef9066c00d0',1338454808,'c9c115e4-00b4-4e0c-8c90-d9e23a315fd4','48193390-49b9-4530-b28e-0ce68dafa581','2023-03-17 16:56:52.25881','2023-03-17 16:56:52.258827',4946),
	 ('1b62129e-3b05-4710-b782-40f4b47ee8f0',1489544054,'12c11106-f73b-4453-bef2-3c9304864f3c','e07fd634-d7ee-4cb1-a838-70ef3aebb254','2023-03-17 16:56:52.261632','2023-03-17 16:56:52.261647',3668),
	 ('03552808-830c-46bf-ad6e-68ec82f8901b',1184737249,'4a2c2933-889b-4212-be27-81f010158ca0','6aa85959-235f-4212-b570-0116777002c5','2023-03-17 16:56:52.264233','2023-03-17 16:56:52.264245',8143),
	 ('90585d46-1644-4fe9-82da-f7975e5f1282',1247627497,'01f04850-59ce-4829-9a35-9608806f3937','e07fd634-d7ee-4cb1-a838-70ef3aebb254','2023-03-17 16:56:52.266765','2023-03-17 16:56:52.266776',3560),
	 ('0511c817-d709-4b05-810c-378d9fdaaa77',1560567515,'b95f9d35-4452-4e80-956e-e5dc9685b46e','e07fd634-d7ee-4cb1-a838-70ef3aebb254','2023-03-17 16:56:52.269493','2023-03-17 16:56:52.269507',8194),
	 ('335149d4-e579-4b6f-a109-fed57f2d1128',1936307956,'724019f1-a908-40cb-a41f-114a6999adb9','27e72c80-59c7-4a7f-81ac-3c284a70800f','2023-03-17 16:56:52.272467','2023-03-17 16:56:52.272484',2859),
	 ('3cb6ff7b-6665-44c2-927a-55c82d0c5a38',1222590994,'d0c8f7f5-bf73-4ce4-acca-927ba7cbc8e8','03faef4a-f22f-4922-a868-880bf3859aa7','2023-03-17 16:56:52.274915','2023-03-17 16:56:52.274933',5567),
	 ('85ea556e-e4da-429f-8abe-80d64ff57701',1020284901,'6d755004-5959-4b31-acd4-a8009eb4130e','b5c5941b-d6ff-4073-8842-a326d29cbae9','2023-03-17 16:56:52.27792','2023-03-17 16:56:52.277932',8345),
	 ('988f5987-b170-4f20-bab3-158adc06d1fb',1685329536,'e3fd42a3-4804-4644-9892-18b1f0cbd440','48193390-49b9-4530-b28e-0ce68dafa581','2023-03-17 16:56:52.280492','2023-03-17 16:56:52.280503',5351);
INSERT INTO public.account (id,acc_no,user_id,currency_id,created_at,updated_at,balance) VALUES
	 ('0d46faa3-2878-4ec9-83ee-0f9819a92e4f',1928228442,'71dab8ab-86ea-4f0c-ba82-1872143f1803','46e83ef9-ab70-4667-8653-aaf75a80382c','2023-03-17 16:56:52.283084','2023-03-17 16:56:52.283103',1232),
	 ('b85b3f88-9d2e-436c-8fe7-8bd5300eaa59',1897928914,'9494980f-c327-482f-88a4-7def38545dbc','03faef4a-f22f-4922-a868-880bf3859aa7','2023-03-17 16:56:52.286715','2023-03-17 16:56:52.286727',6861),
	 ('8178a0d1-5a7e-4b49-8859-07f156f06d8f',1602044233,'8bc9dfb7-dfaa-46c9-bd7e-db00b6711256','03faef4a-f22f-4922-a868-880bf3859aa7','2023-03-17 16:56:52.289287','2023-03-17 16:56:52.289301',4177),
	 ('17f7dc8b-08c7-40dd-b184-5f3c46502436',1644485156,'e28ba9d7-2c24-42fe-a8ba-4b0e1126cfd0','277fd974-4b67-4a2b-b469-c4ecd75651af','2023-03-17 16:56:52.291892','2023-03-17 16:56:52.291911',7736),
	 ('12fce476-e7cd-4745-8740-a1964b8a57a5',1743653415,'071ddb5a-55ae-44b5-b91a-36c921f13b01','03faef4a-f22f-4922-a868-880bf3859aa7','2023-03-17 16:56:52.294438','2023-03-17 16:56:52.294457',6743),
	 ('9a7968d4-68ec-4b13-b549-b65c55ee25f2',1096869212,'e28ba9d7-2c24-42fe-a8ba-4b0e1126cfd0','03faef4a-f22f-4922-a868-880bf3859aa7','2023-03-17 16:56:52.297289','2023-03-17 16:56:52.297298',4900),
	 ('b55505d4-f11a-45c5-83e5-36bcaa245bcc',1449133381,'9494980f-c327-482f-88a4-7def38545dbc','9ad0c93c-7e06-4695-b718-ff25fc1d268c','2023-03-17 16:56:52.299967','2023-03-17 16:56:52.29998',9316),
	 ('d763055c-5482-4571-886c-3c0d7d9ee9d8',1555135986,'52964470-b29f-4127-b81a-06301711aead','9ad0c93c-7e06-4695-b718-ff25fc1d268c','2023-03-17 16:56:52.30275','2023-03-17 16:56:52.302761',8657),
	 ('a40e03a7-231b-404b-9b65-f96eed2bff21',1528887706,'23729025-6b4c-4218-9288-be88fc7db931','6aa85959-235f-4212-b570-0116777002c5','2023-03-17 16:56:52.305492','2023-03-17 16:56:52.305503',1744),
	 ('30cc0dc1-7a35-4d8b-934f-21fba49ef8c3',1231589456,'88392591-b7ae-46c4-bb90-6580bb6f958c','277fd974-4b67-4a2b-b469-c4ecd75651af','2023-03-17 16:56:52.308204','2023-03-17 16:56:52.308216',8783);
INSERT INTO public.account (id,acc_no,user_id,currency_id,created_at,updated_at,balance) VALUES
	 ('a53c61df-155d-4d5b-ac65-4b5c61d6d412',1815447683,'8d2a132f-5bb3-4c53-846f-9859442c1d39','48193390-49b9-4530-b28e-0ce68dafa581','2023-03-17 16:56:52.310854','2023-03-17 16:56:52.310866',2905),
	 ('887dc5a9-1448-4dea-8a80-7433e546affa',1198179149,'bd785d87-f85f-43b2-980f-274dee82a5aa','9ad0c93c-7e06-4695-b718-ff25fc1d268c','2023-03-17 16:56:52.313527','2023-03-17 16:56:52.313539',2928),
	 ('15e42650-2e4e-414a-bf13-630db3f2ae9e',1657682252,'a349d4e1-383f-4ad2-90dc-6554729273b9','e07fd634-d7ee-4cb1-a838-70ef3aebb254','2023-03-17 16:56:52.316013','2023-03-17 16:56:52.316025',2526),
	 ('21515784-96d5-4f11-96cd-11a76d370213',1802023692,'71dab8ab-86ea-4f0c-ba82-1872143f1803','03faef4a-f22f-4922-a868-880bf3859aa7','2023-03-17 16:56:52.318636','2023-03-17 16:56:52.318655',9441),
	 ('9350310d-183b-4fd9-a781-5eeaaf24e217',1574607663,'e28ba9d7-2c24-42fe-a8ba-4b0e1126cfd0','b5c5941b-d6ff-4073-8842-a326d29cbae9','2023-03-17 16:56:52.321318','2023-03-17 16:56:52.321329',5551),
	 ('80411dcb-73cb-418b-91ef-e04b254b4395',1494737661,'7de48d32-dde8-459e-a8f9-abd047029d3b','03faef4a-f22f-4922-a868-880bf3859aa7','2023-03-17 16:56:52.324013','2023-03-17 16:56:52.324027',5719),
	 ('0f7b65ae-92eb-4369-8772-03eeb4501adc',1206791301,'2991a476-8a43-4c45-9b6d-1622473e2dd5','46e83ef9-ab70-4667-8653-aaf75a80382c','2023-03-17 16:56:52.326948','2023-03-17 16:56:52.326964',5619),
	 ('9b2e6efa-d060-4376-b813-96c7c372b699',1464530584,'88392591-b7ae-46c4-bb90-6580bb6f958c','277fd974-4b67-4a2b-b469-c4ecd75651af','2023-03-17 16:56:52.329369','2023-03-17 16:56:52.329384',1789),
	 ('835dc1a5-c0b5-48e8-97d4-4330f088a208',1228030363,'c0173b8a-36a8-4563-b720-f6ccf79a6652','9ad0c93c-7e06-4695-b718-ff25fc1d268c','2023-03-17 16:56:52.332902','2023-03-17 16:56:52.332912',2564),
	 ('22ad192a-2653-4d38-8c72-22c81545ac53',1594879769,'4c4d535a-c788-4a25-8392-c75b5986dd62','b040f023-6933-4503-81a8-b1866f9d6317','2023-03-17 16:56:52.338106','2023-03-17 16:56:52.338123',5299);
INSERT INTO public.account (id,acc_no,user_id,currency_id,created_at,updated_at,balance) VALUES
	 ('66aebed6-0511-462d-bacd-51cf01761967',1644148540,'73a67620-8629-416d-94e1-1bd0898c7cbe','27e72c80-59c7-4a7f-81ac-3c284a70800f','2023-03-17 16:56:52.340806','2023-03-17 16:56:52.340816',5842),
	 ('bf0a2f33-207e-4bf8-bc5c-48c510f34702',1771249065,'4a2c2933-889b-4212-be27-81f010158ca0','b040f023-6933-4503-81a8-b1866f9d6317','2023-03-17 16:56:52.343703','2023-03-17 16:56:52.343714',1761),
	 ('d0804248-a189-403d-a63c-d79e8ba233b0',1615664607,'d0c8f7f5-bf73-4ce4-acca-927ba7cbc8e8','b5c5941b-d6ff-4073-8842-a326d29cbae9','2023-03-17 16:56:52.346094','2023-03-17 16:56:52.346103',8402),
	 ('98f0f3dc-ff6b-4d8d-b4d2-81eeffcf1a98',1860127356,'be82afbc-fda0-4c36-8a26-9798b1ab6dcd','46e83ef9-ab70-4667-8653-aaf75a80382c','2023-03-17 16:56:52.348635','2023-03-17 16:56:52.348644',9931),
	 ('595bdf9c-019f-45a2-95b1-9dd699062524',1267045207,'b5f5e605-a211-466a-a8cc-2fe86320dbd0','27e72c80-59c7-4a7f-81ac-3c284a70800f','2023-03-17 16:56:52.352137','2023-03-17 16:56:52.352146',8105),
	 ('9aefb2f1-1323-4c67-b6b4-9cc21b5dadd5',1468694937,'2991a476-8a43-4c45-9b6d-1622473e2dd5','b5c5941b-d6ff-4073-8842-a326d29cbae9','2023-03-17 16:56:52.357877','2023-03-17 16:56:52.357887',3819),
	 ('293cf976-68aa-449a-b530-989252227d7c',1482236160,'c25c9de2-cdb9-4b8c-8087-488184d29d3c','46e83ef9-ab70-4667-8653-aaf75a80382c','2023-03-17 16:56:52.360263','2023-03-17 16:56:52.360272',9436),
	 ('069ca591-7a80-426b-a342-f3c9e06bdf6f',1835329309,'071ddb5a-55ae-44b5-b91a-36c921f13b01','03faef4a-f22f-4922-a868-880bf3859aa7','2023-03-17 16:56:52.362707','2023-03-17 16:56:52.362717',2881),
	 ('0f8462cf-6956-4902-9de6-45338721bd59',1113226204,'ddd0b2c3-5e40-4177-80c3-0f5f5ac053d9','27e72c80-59c7-4a7f-81ac-3c284a70800f','2023-03-17 16:56:52.365048','2023-03-17 16:56:52.365057',3184),
	 ('554adcd4-1b5d-436d-8c5c-7511dbfc5652',1712237694,'88392591-b7ae-46c4-bb90-6580bb6f958c','b5c5941b-d6ff-4073-8842-a326d29cbae9','2023-03-17 16:56:52.367508','2023-03-17 16:56:52.36752',9687);
INSERT INTO public.account (id,acc_no,user_id,currency_id,created_at,updated_at,balance) VALUES
	 ('6aa2185d-228d-4200-abde-1f2bdf5480c8',1500510134,'01f04850-59ce-4829-9a35-9608806f3937','6aa85959-235f-4212-b570-0116777002c5','2023-03-17 16:56:52.369965','2023-03-17 16:56:52.369977',8711),
	 ('df8bf3fb-bd05-475b-8a13-e9538faf0f7e',1824579240,'f4961db8-844a-4fa5-b89e-3e2afab706a3','46e83ef9-ab70-4667-8653-aaf75a80382c','2023-03-17 16:56:52.372644','2023-03-17 16:56:52.372653',6815),
	 ('df62faf9-72c4-49e8-85b5-33d4d7568337',1541778251,'ddd0b2c3-5e40-4177-80c3-0f5f5ac053d9','48193390-49b9-4530-b28e-0ce68dafa581','2023-03-17 16:56:52.374977','2023-03-17 16:56:52.374984',7694),
	 ('031e7286-3073-46f8-8c13-4c832ff72d82',1704098530,'9494980f-c327-482f-88a4-7def38545dbc','27e72c80-59c7-4a7f-81ac-3c284a70800f','2023-03-17 16:56:52.377305','2023-03-17 16:56:52.377317',4582),
	 ('bbac761a-9f0d-4095-8891-b8cedd3f27a5',1426745146,'9ca23b04-20e7-4dc1-bffa-0c013f3ae102','6aa85959-235f-4212-b570-0116777002c5','2023-03-17 16:56:52.380623','2023-03-17 16:56:52.380632',9577),
	 ('64287faf-4335-4a9f-b775-665db5a2382d',1251641423,'b8fc8e19-ca07-46e5-b030-9b0a3b66340d','b040f023-6933-4503-81a8-b1866f9d6317','2023-03-17 16:56:52.383129','2023-03-17 16:56:52.383139',8964),
	 ('19f06821-e976-449b-afb6-b7207cc1a2ea',1056438525,'210354fa-c0ec-4cb8-b8a2-3347a6d5eb7c','9ad0c93c-7e06-4695-b718-ff25fc1d268c','2023-03-17 16:56:52.385614','2023-03-17 16:56:52.385624',2097),
	 ('eb7ecda6-a57f-46f6-9262-d88a6032d754',1630932080,'c25c9de2-cdb9-4b8c-8087-488184d29d3c','46e83ef9-ab70-4667-8653-aaf75a80382c','2023-03-17 16:56:52.388096','2023-03-17 16:56:52.388104',3582),
	 ('3b7047e3-8816-4e35-99b7-5f2a8d53d28b',1665504223,'c9c115e4-00b4-4e0c-8c90-d9e23a315fd4','6aa85959-235f-4212-b570-0116777002c5','2023-03-17 16:56:52.390466','2023-03-17 16:56:52.390476',4975),
	 ('116a4c92-f378-41f5-b8f1-2613ecdbf457',1387981918,'8bc9dfb7-dfaa-46c9-bd7e-db00b6711256','6aa85959-235f-4212-b570-0116777002c5','2023-03-17 16:56:52.392968','2023-03-17 16:56:52.392978',7215);
INSERT INTO public.account (id,acc_no,user_id,currency_id,created_at,updated_at,balance) VALUES
	 ('c8f01249-52ae-46f6-a4e4-d1535918f728',1383302130,'eee83111-2e91-4e50-8b29-474a8c02a48a','277fd974-4b67-4a2b-b469-c4ecd75651af','2023-03-17 16:56:52.395368','2023-03-17 16:56:52.395376',5196),
	 ('9ea09bc7-e468-4e0f-9b75-b8cc3459a2a2',1807443840,'43f0ec13-424f-448d-b22c-49969d914f26','b5c5941b-d6ff-4073-8842-a326d29cbae9','2023-03-17 16:56:52.397402','2023-03-17 16:56:52.39741',9549),
	 ('74690f29-430d-4914-936e-de19a6645e9c',1914311712,'eee83111-2e91-4e50-8b29-474a8c02a48a','b040f023-6933-4503-81a8-b1866f9d6317','2023-03-17 16:56:52.399505','2023-03-17 16:56:52.399518',3022),
	 ('3becb488-e04e-4a92-bed7-5899abb2aca2',1299979448,'c0173b8a-36a8-4563-b720-f6ccf79a6652','b5c5941b-d6ff-4073-8842-a326d29cbae9','2023-03-17 16:56:52.401987','2023-03-17 16:56:52.401998',5308),
	 ('3b0d28dd-86a7-45c7-b51f-9034931f1d10',1207767083,'8d2a132f-5bb3-4c53-846f-9859442c1d39','277fd974-4b67-4a2b-b469-c4ecd75651af','2023-03-17 16:56:52.404593','2023-03-17 16:56:52.404603',7004),
	 ('3cd98d22-fcf2-4c6f-9188-86622da4272b',1358307769,'52810bf8-9e95-4701-a413-6e55e41eaa1f','277fd974-4b67-4a2b-b469-c4ecd75651af','2023-03-17 16:56:52.407054','2023-03-17 16:56:52.407063',5874),
	 ('c7d426f2-c237-4148-8ae1-6f2f9bac6220',1663820652,'210354fa-c0ec-4cb8-b8a2-3347a6d5eb7c','b5c5941b-d6ff-4073-8842-a326d29cbae9','2023-03-17 16:56:52.40949','2023-03-17 16:56:52.409501',6660),
	 ('e9219ea9-a4e8-4518-93f2-36d2b7475d0f',1948447514,'71dab8ab-86ea-4f0c-ba82-1872143f1803','b040f023-6933-4503-81a8-b1866f9d6317','2023-03-17 16:56:52.411968','2023-03-17 16:56:52.411977',6961),
	 ('cd70fd64-7d93-4d4e-827f-57af82f435fc',1650612782,'f92e7198-60d4-4c63-a95f-20f4039d1f3b','b040f023-6933-4503-81a8-b1866f9d6317','2023-03-17 16:56:52.414065','2023-03-17 16:56:52.414073',9922),
	 ('3e96a5da-3c53-409c-b5e1-d0a96f132331',1336742935,'f92e7198-60d4-4c63-a95f-20f4039d1f3b','48193390-49b9-4530-b28e-0ce68dafa581','2023-03-17 16:56:52.416412','2023-03-17 16:56:52.416422',7976);
INSERT INTO public.account (id,acc_no,user_id,currency_id,created_at,updated_at,balance) VALUES
	 ('93252aa6-a53b-4574-a805-b5bf8702d019',1069624030,'a7503761-5ab3-4edd-b447-38c8cd6aa520','9ad0c93c-7e06-4695-b718-ff25fc1d268c','2023-03-17 16:56:52.419898','2023-03-17 16:56:52.419908',5423),
	 ('da3990e8-dd62-4e08-a1f5-b36e798244d3',1695269377,'42530460-699c-4330-8689-c62f04e9c4e7','9ad0c93c-7e06-4695-b718-ff25fc1d268c','2023-03-17 16:56:52.422486','2023-03-17 16:56:52.422496',1852),
	 ('5f632078-37fe-4a49-97d2-4b45db914604',1600523931,'d4b7d970-a097-4c8b-b480-825b6a75b980','46e83ef9-ab70-4667-8653-aaf75a80382c','2023-03-17 16:56:52.424921','2023-03-17 16:56:52.42493',9423),
	 ('92ae9e58-7e8a-4f4d-8adf-0dee939e9a6c',1494357145,'35594816-868a-48a2-bc08-930794b9805d','9ad0c93c-7e06-4695-b718-ff25fc1d268c','2023-03-17 16:56:52.427588','2023-03-17 16:56:52.427597',5619),
	 ('9efbddca-846b-47cc-9aee-ee19db695fcd',1067892135,'c6478063-ab05-4726-8129-4af2218cc964','9ad0c93c-7e06-4695-b718-ff25fc1d268c','2023-03-17 16:56:52.430023','2023-03-17 16:56:52.430032',3932),
	 ('3a312715-bb3f-4362-bebc-1c2d53ad14ea',1988887220,'8d2a132f-5bb3-4c53-846f-9859442c1d39','9ad0c93c-7e06-4695-b718-ff25fc1d268c','2023-03-17 16:56:52.432509','2023-03-17 16:56:52.43252',2559),
	 ('1c4a57b1-923d-43a2-92eb-3ee9a9f27489',1626428259,'c7a74945-2099-49ae-85fa-f20d30f876b9','e07fd634-d7ee-4cb1-a838-70ef3aebb254','2023-03-17 16:56:52.435004','2023-03-17 16:56:52.435014',7977),
	 ('0eec75ad-ab51-4515-8bb4-59db1e37b539',1491006811,'f4961db8-844a-4fa5-b89e-3e2afab706a3','03faef4a-f22f-4922-a868-880bf3859aa7','2023-03-17 16:56:52.437568','2023-03-17 16:56:52.437578',7789),
	 ('f13c3e36-f5cf-4e1f-a132-60ca0156d305',1849983904,'f92e7198-60d4-4c63-a95f-20f4039d1f3b','03faef4a-f22f-4922-a868-880bf3859aa7','2023-03-17 16:56:52.439799','2023-03-17 16:56:52.439814',2252),
	 ('8ead16fc-17de-4584-b2c6-e59ddb158180',1487032567,'c7a74945-2099-49ae-85fa-f20d30f876b9','b040f023-6933-4503-81a8-b1866f9d6317','2023-03-17 16:56:52.442174','2023-03-17 16:56:52.442184',9137);
INSERT INTO public.account (id,acc_no,user_id,currency_id,created_at,updated_at,balance) VALUES
	 ('4312dd1a-3db5-4503-952e-15eb3d25ae5b',1938809854,'e67599c6-696e-4ffb-994e-72e63ce09ac2','b040f023-6933-4503-81a8-b1866f9d6317','2023-03-18 16:15:56.250349','2023-03-18 16:15:56.250364',8010),
	 ('bbe8c1ae-a5ad-462c-a6f6-bfcc9af06c19',1516714014,'52964470-b29f-4127-b81a-06301711aead','277fd974-4b67-4a2b-b469-c4ecd75651af','2023-03-18 16:15:56.258816','2023-03-18 16:15:56.258834',6303),
	 ('d1a40368-86bd-4d63-93fb-9a908a408998',1670226010,'071ddb5a-55ae-44b5-b91a-36c921f13b01','b040f023-6933-4503-81a8-b1866f9d6317','2023-03-18 16:15:56.262355','2023-03-18 16:15:56.262369',6756),
	 ('dd53c78c-dba1-47f2-afa1-5be13f83532d',1053713144,'9c6e1b14-4daa-4723-aa87-2ff37808f8b4','46e83ef9-ab70-4667-8653-aaf75a80382c','2023-03-18 16:15:56.265577','2023-03-18 16:15:56.26559',3190),
	 ('e59b70c5-5cb4-41db-98f2-3b38e3edb6f3',1250634396,'0b2be851-f5e5-41d9-bb0f-d8194edd18e3','48193390-49b9-4530-b28e-0ce68dafa581','2023-03-18 16:15:56.268781','2023-03-18 16:15:56.268792',1617),
	 ('54ecc28f-351b-4d3e-8904-b8ff04995dc8',1961270735,'071ddb5a-55ae-44b5-b91a-36c921f13b01','9ad0c93c-7e06-4695-b718-ff25fc1d268c','2023-03-18 16:15:56.271719','2023-03-18 16:15:56.271731',4537),
	 ('8d8c3ce1-1cac-47db-9b7a-61064109a294',1761002831,'999db460-516e-48d8-bc20-cecd85844e89','46e83ef9-ab70-4667-8653-aaf75a80382c','2023-03-18 16:15:56.274842','2023-03-18 16:15:56.27486',1339),
	 ('67b56fbd-11a0-4660-b6aa-fdf1dbaa3988',1734362202,'b91ab766-7a0f-43ea-9e44-73d32851d213','e07fd634-d7ee-4cb1-a838-70ef3aebb254','2023-03-18 16:15:56.314468','2023-03-18 16:15:56.314509',5518),
	 ('642bec7b-04a2-469c-96fc-a26c259660aa',1340927891,'c25c9de2-cdb9-4b8c-8087-488184d29d3c','27e72c80-59c7-4a7f-81ac-3c284a70800f','2023-03-18 16:15:56.318225','2023-03-18 16:15:56.318244',2118),
	 ('4d7d2886-20a9-4d80-9b74-97e63dfbf661',1810640333,'b5f5e605-a211-466a-a8cc-2fe86320dbd0','b040f023-6933-4503-81a8-b1866f9d6317','2023-03-18 16:15:56.330573','2023-03-18 16:15:56.330595',5928);
INSERT INTO public.account (id,acc_no,user_id,currency_id,created_at,updated_at,balance) VALUES
	 ('7e0fbf9b-3e3c-4114-8773-c7bb3f3b2ff3',1283798289,'c7a74945-2099-49ae-85fa-f20d30f876b9','e07fd634-d7ee-4cb1-a838-70ef3aebb254','2023-03-18 16:15:56.334396','2023-03-18 16:15:56.334414',2969),
	 ('0f981859-08a8-4a9c-9093-88f518c411d1',1147986382,'21982774-098a-4f68-a625-cfbf3784b88b','e07fd634-d7ee-4cb1-a838-70ef3aebb254','2023-03-18 16:15:56.338732','2023-03-18 16:15:56.338761',7763),
	 ('8f8659d9-ee0c-4f99-85e2-5f89288fb7f4',1443747407,'552fdc5f-ad1b-426d-9518-f73c335e1c8c','03faef4a-f22f-4922-a868-880bf3859aa7','2023-03-18 16:15:56.342649','2023-03-18 16:15:56.342667',6723),
	 ('b81c0fd5-524e-4c92-81c4-054b47742bc2',1647176491,'43f0ec13-424f-448d-b22c-49969d914f26','277fd974-4b67-4a2b-b469-c4ecd75651af','2023-03-18 16:15:56.345416','2023-03-18 16:15:56.345431',1584),
	 ('3b07893a-706d-426c-b7f7-9c6603d0ca7a',1103953655,'d6a142d4-e10c-45e2-9bae-1b12d7258fcd','e07fd634-d7ee-4cb1-a838-70ef3aebb254','2023-03-18 16:15:56.348215','2023-03-18 16:15:56.348227',7049),
	 ('98d16466-ff96-4c2d-be6e-a6ee0d90866d',1051461319,'9ca23b04-20e7-4dc1-bffa-0c013f3ae102','e07fd634-d7ee-4cb1-a838-70ef3aebb254','2023-03-18 16:15:56.350903','2023-03-18 16:15:56.350917',1687),
	 ('02a02927-8cb7-4aca-af95-a402f6335c67',1469796896,'a508c748-5864-4055-b1c2-faa1d997f9e8','9ad0c93c-7e06-4695-b718-ff25fc1d268c','2023-03-18 16:15:56.354758','2023-03-18 16:15:56.354768',7015),
	 ('10266ce4-b6bf-4e58-8d50-82ab54d48847',1791292150,'43f0ec13-424f-448d-b22c-49969d914f26','b040f023-6933-4503-81a8-b1866f9d6317','2023-03-18 16:15:56.357926','2023-03-18 16:15:56.357944',2102),
	 ('b89feb43-18c2-4b8e-a431-c89b631b8b3e',1115327675,'35594816-868a-48a2-bc08-930794b9805d','9ad0c93c-7e06-4695-b718-ff25fc1d268c','2023-03-18 16:15:56.361048','2023-03-18 16:15:56.361065',2321),
	 ('ce520012-7590-4a41-9454-9da9339b53c9',1028463176,'c391c7db-6d19-4e11-93f6-999d93089087','48193390-49b9-4530-b28e-0ce68dafa581','2023-03-18 16:15:56.365481','2023-03-18 16:15:56.365501',6953);
INSERT INTO public.account (id,acc_no,user_id,currency_id,created_at,updated_at,balance) VALUES
	 ('615b58a0-2049-4b85-a343-0ee2334bc1b5',1113099070,'9494980f-c327-482f-88a4-7def38545dbc','46e83ef9-ab70-4667-8653-aaf75a80382c','2023-03-18 16:15:56.369633','2023-03-18 16:15:56.369653',7148),
	 ('8001ea1d-84ec-4646-b80a-2206ee2ffbc5',1585800413,'999db460-516e-48d8-bc20-cecd85844e89','6aa85959-235f-4212-b570-0116777002c5','2023-03-18 16:15:56.373174','2023-03-18 16:15:56.37319',7092),
	 ('ec14bcf6-60ee-44ff-addc-603c53dba30e',1393611218,'cf661758-3516-41b9-bf26-d10016f19994','46e83ef9-ab70-4667-8653-aaf75a80382c','2023-03-18 16:15:56.376084','2023-03-18 16:15:56.3761',8170),
	 ('5485d770-3bf0-4838-bd22-599ec5331419',1514364593,'42530460-699c-4330-8689-c62f04e9c4e7','03faef4a-f22f-4922-a868-880bf3859aa7','2023-03-18 16:15:56.378861','2023-03-18 16:15:56.378873',7636),
	 ('2bb9854c-0b92-420d-9e6d-6ca997f6fd1d',1174556728,'bd785d87-f85f-43b2-980f-274dee82a5aa','46e83ef9-ab70-4667-8653-aaf75a80382c','2023-03-18 16:15:56.381715','2023-03-18 16:15:56.381731',4044),
	 ('958b1d96-61b8-4f25-88c5-91794ce9cb0e',1663380502,'c9c115e4-00b4-4e0c-8c90-d9e23a315fd4','27e72c80-59c7-4a7f-81ac-3c284a70800f','2023-03-18 16:15:56.384586','2023-03-18 16:15:56.384606',6010),
	 ('9b402f1e-2b77-4a1d-83eb-6414da104ff7',1330714134,'5ae55cbd-87c0-4136-b78c-4da4098d4dc5','b040f023-6933-4503-81a8-b1866f9d6317','2023-03-18 16:15:56.387474','2023-03-18 16:15:56.387496',4473),
	 ('75785d7c-33c5-4da9-aef3-ce2f57c53348',1103196649,'9ca23b04-20e7-4dc1-bffa-0c013f3ae102','b040f023-6933-4503-81a8-b1866f9d6317','2023-03-18 16:15:56.390462','2023-03-18 16:15:56.390482',3586),
	 ('e9dd7356-dad0-44dd-b741-5e5fca520337',1895435327,'d4b7d970-a097-4c8b-b480-825b6a75b980','9ad0c93c-7e06-4695-b718-ff25fc1d268c','2023-03-18 16:15:56.394008','2023-03-18 16:15:56.394031',7541),
	 ('b9486d60-0147-4593-839b-367a9d71c333',1393126648,'e67599c6-696e-4ffb-994e-72e63ce09ac2','277fd974-4b67-4a2b-b469-c4ecd75651af','2023-03-18 16:15:56.396882','2023-03-18 16:15:56.396894',9867);
INSERT INTO public.account (id,acc_no,user_id,currency_id,created_at,updated_at,balance) VALUES
	 ('b0b63119-b177-4316-8df8-f91a7cdbaa10',1864855256,'210354fa-c0ec-4cb8-b8a2-3347a6d5eb7c','b040f023-6933-4503-81a8-b1866f9d6317','2023-03-18 16:15:56.40241','2023-03-18 16:15:56.402427',7080),
	 ('a8ed9120-9f23-484c-b035-6b3d7c605e80',1180823756,'1f231b5b-d4fc-4a5c-9645-ade76858dce0','b040f023-6933-4503-81a8-b1866f9d6317','2023-03-18 16:15:56.406318','2023-03-18 16:15:56.406341',6784),
	 ('c8ec3a51-242e-4fb0-b084-3e7985cf62b6',1988661048,'3c7c1c07-58bb-42f9-b748-3d1caa33017f','9ad0c93c-7e06-4695-b718-ff25fc1d268c','2023-03-18 16:15:56.409736','2023-03-18 16:15:56.409752',9246),
	 ('f9255215-d418-4f90-a336-66c67f368860',1215535088,'c7a74945-2099-49ae-85fa-f20d30f876b9','b040f023-6933-4503-81a8-b1866f9d6317','2023-03-18 16:15:56.412956','2023-03-18 16:15:56.41297',7569),
	 ('a39559ba-61a4-45e8-8bb7-022702c36455',1864638605,'86325191-0027-4bba-b953-f6a2b62a4efd','b040f023-6933-4503-81a8-b1866f9d6317','2023-03-18 16:15:56.415922','2023-03-18 16:15:56.415933',6624),
	 ('8304d283-19c4-4a79-b381-574470d75e6f',1163516242,'fdd5b330-ccf5-4fa6-aa33-364fbffb93eb','b040f023-6933-4503-81a8-b1866f9d6317','2023-03-18 16:15:56.418632','2023-03-18 16:15:56.418643',4438),
	 ('e7394d2e-788b-4a3b-a438-f5681883c060',1309159575,'37f6a329-c993-484f-95ec-9b6e57eafc64','277fd974-4b67-4a2b-b469-c4ecd75651af','2023-03-18 16:15:56.421407','2023-03-18 16:15:56.421419',1025),
	 ('79a55f07-9547-493f-a70c-66e9ebad3834',1013797549,'5ae55cbd-87c0-4136-b78c-4da4098d4dc5','e07fd634-d7ee-4cb1-a838-70ef3aebb254','2023-03-18 16:15:56.424168','2023-03-18 16:15:56.424183',6808),
	 ('05dd19ac-73ad-406c-82f5-22c9658961f7',1417176822,'9bff0aca-690b-446f-9e9c-2301a15ccfcf','b5c5941b-d6ff-4073-8842-a326d29cbae9','2023-03-18 16:15:56.430963','2023-03-18 16:15:56.430982',1781),
	 ('fc7f803a-9a2a-424e-998f-87d0592d3365',1292761186,'8d2a132f-5bb3-4c53-846f-9859442c1d39','277fd974-4b67-4a2b-b469-c4ecd75651af','2023-03-18 16:15:56.43394','2023-03-18 16:15:56.43395',4028);
INSERT INTO public.account (id,acc_no,user_id,currency_id,created_at,updated_at,balance) VALUES
	 ('7c9bb034-0d3c-4f78-976f-d108aa71f790',1042677421,'b91ab766-7a0f-43ea-9e44-73d32851d213','b5c5941b-d6ff-4073-8842-a326d29cbae9','2023-03-18 16:15:56.436706','2023-03-18 16:15:56.436722',9771),
	 ('7b59a70a-d2ca-4eef-af83-b64609d1e56c',1282043167,'e8ca00c2-dcc3-499a-a103-16592b0536a3','9ad0c93c-7e06-4695-b718-ff25fc1d268c','2023-03-18 16:15:56.439569','2023-03-18 16:15:56.439577',9587),
	 ('7aaf0273-abcb-4cf1-bcc0-0410760d0865',1484962486,'be82afbc-fda0-4c36-8a26-9798b1ab6dcd','46e83ef9-ab70-4667-8653-aaf75a80382c','2023-03-18 16:15:56.449022','2023-03-18 16:15:56.449039',6471),
	 ('5464e6d4-d775-4425-ab4d-19ab6610ab60',1730212456,'c391c7db-6d19-4e11-93f6-999d93089087','9ad0c93c-7e06-4695-b718-ff25fc1d268c','2023-03-18 16:15:56.45232','2023-03-18 16:15:56.452333',3755),
	 ('2bc4dbea-db67-49b4-9c14-f33fdd0e3cc3',1351016846,'e6e6134d-ab0c-4d92-9119-77a88105cd61','b040f023-6933-4503-81a8-b1866f9d6317','2023-03-18 16:15:56.455624','2023-03-18 16:15:56.455639',9257),
	 ('10c463b1-f913-4e53-a4c8-bc0ad868ae8f',1194921273,'12c11106-f73b-4453-bef2-3c9304864f3c','03faef4a-f22f-4922-a868-880bf3859aa7','2023-03-18 16:15:56.458294','2023-03-18 16:15:56.458306',4461),
	 ('a98cdf73-df5e-4629-ab00-6f4e7bda3195',1416550827,'a0b811fc-3b66-4de1-9248-06f177f013b0','9ad0c93c-7e06-4695-b718-ff25fc1d268c','2023-03-18 16:15:56.460805','2023-03-18 16:15:56.460831',5283),
	 ('8ec636ae-363a-4051-863e-38850f61745b',1892982492,'e6e6134d-ab0c-4d92-9119-77a88105cd61','b5c5941b-d6ff-4073-8842-a326d29cbae9','2023-03-18 16:15:56.464367','2023-03-18 16:15:56.464379',3804),
	 ('f9f7a427-1b99-4e9c-b09a-611727af3b40',1865318981,'e6e6134d-ab0c-4d92-9119-77a88105cd61','e07fd634-d7ee-4cb1-a838-70ef3aebb254','2023-03-18 16:15:56.466994','2023-03-18 16:15:56.467003',2661),
	 ('fa3e5f13-7eee-4345-9c12-182fd988237e',1829690749,'d6a142d4-e10c-45e2-9bae-1b12d7258fcd','9ad0c93c-7e06-4695-b718-ff25fc1d268c','2023-03-18 16:15:56.470056','2023-03-18 16:15:56.470066',1359);
INSERT INTO public.account (id,acc_no,user_id,currency_id,created_at,updated_at,balance) VALUES
	 ('74d09990-26a7-4105-9d72-3e29336b1eef',1427382847,'02fd5b27-150e-483d-b65f-714a7f516131','9ad0c93c-7e06-4695-b718-ff25fc1d268c','2023-03-18 16:15:56.472883','2023-03-18 16:15:56.472893',7354),
	 ('dd329f8f-f540-4bc4-b8ee-476da4c50813',1943351736,'0b2be851-f5e5-41d9-bb0f-d8194edd18e3','6aa85959-235f-4212-b570-0116777002c5','2023-03-18 16:15:56.476058','2023-03-18 16:15:56.476068',3779),
	 ('94b520b6-ac00-4d57-92bf-483053e9c0da',1413408491,'c4e98d3c-c093-4ce4-9d30-7c0c40f5b335','03faef4a-f22f-4922-a868-880bf3859aa7','2023-03-18 16:15:56.478486','2023-03-18 16:15:56.478496',3319),
	 ('c7b36b76-bb02-403b-a0ae-0656135321ef',1152207316,'48398c4d-33a0-4547-a39b-6a1383a3e423','277fd974-4b67-4a2b-b469-c4ecd75651af','2023-03-18 16:15:56.481174','2023-03-18 16:15:56.481185',9529),
	 ('98bdaf59-8ddc-4adb-9e3e-60fedc05dea5',1939643616,'43f0ec13-424f-448d-b22c-49969d914f26','b5c5941b-d6ff-4073-8842-a326d29cbae9','2023-03-18 16:15:56.483573','2023-03-18 16:15:56.483581',2958),
	 ('ded9f308-c350-4ea7-9971-ac08a721ac49',1843976853,'b91ab766-7a0f-43ea-9e44-73d32851d213','277fd974-4b67-4a2b-b469-c4ecd75651af','2023-03-18 16:15:56.485909','2023-03-18 16:15:56.48592',8981),
	 ('927da05a-2272-44d5-ac51-e027717dbe11',1999543337,'a508c748-5864-4055-b1c2-faa1d997f9e8','b040f023-6933-4503-81a8-b1866f9d6317','2023-03-18 16:15:56.48867','2023-03-18 16:15:56.488681',8032),
	 ('b0203e9c-0326-4df0-b4b3-9a2262509035',1013299964,'12c11106-f73b-4453-bef2-3c9304864f3c','277fd974-4b67-4a2b-b469-c4ecd75651af','2023-03-18 16:15:56.491278','2023-03-18 16:15:56.491286',2828),
	 ('fad6cc3e-d6f9-4928-9ffb-55c440852c2d',1246383913,'42530460-699c-4330-8689-c62f04e9c4e7','e07fd634-d7ee-4cb1-a838-70ef3aebb254','2023-03-18 16:15:56.494378','2023-03-18 16:15:56.494392',9852),
	 ('ec84780d-eb8f-4291-92eb-07e13a55c119',1618913585,'071ddb5a-55ae-44b5-b91a-36c921f13b01','9ad0c93c-7e06-4695-b718-ff25fc1d268c','2023-03-18 16:15:56.496935','2023-03-18 16:15:56.496944',9481);
INSERT INTO public.account (id,acc_no,user_id,currency_id,created_at,updated_at,balance) VALUES
	 ('cc5c9029-d560-4f38-bcbe-078e7c7911b4',1561527721,'f92e7198-60d4-4c63-a95f-20f4039d1f3b','277fd974-4b67-4a2b-b469-c4ecd75651af','2023-03-18 16:15:56.499132','2023-03-18 16:15:56.499139',3274),
	 ('888191f8-420b-424c-bb93-15e130e617c9',1888518828,'550cf3e7-c3fa-4ee9-80ac-a6b429ae9cae','b040f023-6933-4503-81a8-b1866f9d6317','2023-03-18 16:15:56.501158','2023-03-18 16:15:56.501165',4430),
	 ('25947b03-2cee-4750-b0c1-7d8a5071b515',1951069413,'265da2c2-79e0-418d-808b-37c47fde427d','03faef4a-f22f-4922-a868-880bf3859aa7','2023-03-18 16:15:56.503483','2023-03-18 16:15:56.503496',5113),
	 ('a9f9ae36-f415-439a-8c0d-452ee59d9e6a',1464221179,'b95f9d35-4452-4e80-956e-e5dc9685b46e','27e72c80-59c7-4a7f-81ac-3c284a70800f','2023-03-18 16:15:56.505746','2023-03-18 16:15:56.505758',9326),
	 ('6c117c27-e762-4d80-a220-2a96cf820865',1597471879,'d4b7d970-a097-4c8b-b480-825b6a75b980','e07fd634-d7ee-4cb1-a838-70ef3aebb254','2023-03-18 16:15:56.508308','2023-03-18 16:15:56.508318',4590),
	 ('2fa91c8b-2764-4180-997e-078fbd1feb48',1597424260,'5ae55cbd-87c0-4136-b78c-4da4098d4dc5','b040f023-6933-4503-81a8-b1866f9d6317','2023-03-18 16:15:56.510834','2023-03-18 16:15:56.510842',2337),
	 ('a2b2a4e1-7f2a-455e-bf93-276b3909027c',1634557530,'88392591-b7ae-46c4-bb90-6580bb6f958c','6aa85959-235f-4212-b570-0116777002c5','2023-03-18 16:15:56.513423','2023-03-18 16:15:56.513432',7808),
	 ('6471bddf-9218-4aa8-91f2-2e87d72b4bef',1639381307,'4a2c2933-889b-4212-be27-81f010158ca0','277fd974-4b67-4a2b-b469-c4ecd75651af','2023-03-18 16:15:56.515832','2023-03-18 16:15:56.515841',9363),
	 ('0c6e2126-3caf-45da-9ad9-d5875d5ac3c0',1170099364,'9494980f-c327-482f-88a4-7def38545dbc','9ad0c93c-7e06-4695-b718-ff25fc1d268c','2023-03-18 16:15:56.518164','2023-03-18 16:15:56.518172',9887),
	 ('157eb28e-a450-4c15-baf2-89702bd41dbd',1662722485,'550cf3e7-c3fa-4ee9-80ac-a6b429ae9cae','277fd974-4b67-4a2b-b469-c4ecd75651af','2023-03-18 16:15:56.52419','2023-03-18 16:15:56.524205',8614);
INSERT INTO public.account (id,acc_no,user_id,currency_id,created_at,updated_at,balance) VALUES
	 ('c2789112-a844-478b-845f-57ad5bc83a86',1101011302,'b8fc8e19-ca07-46e5-b030-9b0a3b66340d','27e72c80-59c7-4a7f-81ac-3c284a70800f','2023-03-18 16:15:56.526768','2023-03-18 16:15:56.526777',7462),
	 ('e7ddbdd6-e17f-4244-b8e0-1822e7d8899b',1627673983,'e28ba9d7-2c24-42fe-a8ba-4b0e1126cfd0','6aa85959-235f-4212-b570-0116777002c5','2023-03-18 16:15:56.529364','2023-03-18 16:15:56.529373',2741),
	 ('b8418d12-e1e6-4b9c-bf23-2c20d6e2a368',1476514418,'c25c9de2-cdb9-4b8c-8087-488184d29d3c','277fd974-4b67-4a2b-b469-c4ecd75651af','2023-03-18 16:15:56.531931','2023-03-18 16:15:56.531941',2589),
	 ('97edbe14-0e7c-4af1-b644-8da53d9f0a7f',1055595289,'eee83111-2e91-4e50-8b29-474a8c02a48a','46e83ef9-ab70-4667-8653-aaf75a80382c','2023-03-18 16:15:56.534331','2023-03-18 16:15:56.53434',9257),
	 ('09dae2ac-dda5-4600-af73-2bbac2621c3e',1089164609,'42530460-699c-4330-8689-c62f04e9c4e7','46e83ef9-ab70-4667-8653-aaf75a80382c','2023-03-18 16:15:56.537767','2023-03-18 16:15:56.537777',2151),
	 ('104e3a52-4f6e-40fd-b589-0ccec3407f96',1823791556,'c391c7db-6d19-4e11-93f6-999d93089087','9ad0c93c-7e06-4695-b718-ff25fc1d268c','2023-03-18 16:15:56.54048','2023-03-18 16:15:56.54049',2936),
	 ('b1bb2985-6f7a-4f75-89d9-926149cd362e',1328488936,'fdd5b330-ccf5-4fa6-aa33-364fbffb93eb','6aa85959-235f-4212-b570-0116777002c5','2023-03-18 16:15:56.542842','2023-03-18 16:15:56.542851',9476),
	 ('87c113f2-8473-452b-ac31-da0e9b61b7f1',1129798961,'48398c4d-33a0-4547-a39b-6a1383a3e423','9ad0c93c-7e06-4695-b718-ff25fc1d268c','2023-03-18 16:15:56.545735','2023-03-18 16:15:56.545744',9671),
	 ('5c3faab4-4b77-4a6a-a085-8246643d91b7',1985069988,'552fdc5f-ad1b-426d-9518-f73c335e1c8c','6aa85959-235f-4212-b570-0116777002c5','2023-03-18 16:15:56.549284','2023-03-18 16:15:56.549303',7918),
	 ('a57e9227-1ce5-4ef6-b75a-4034a1113ef3',1093587142,'210354fa-c0ec-4cb8-b8a2-3347a6d5eb7c','9ad0c93c-7e06-4695-b718-ff25fc1d268c','2023-03-18 16:15:56.554358','2023-03-18 16:15:56.554371',7402);
INSERT INTO public.account (id,acc_no,user_id,currency_id,created_at,updated_at,balance) VALUES
	 ('7cf85f48-917a-443c-a075-19b3af9a349a',1380929003,'d6a142d4-e10c-45e2-9bae-1b12d7258fcd','277fd974-4b67-4a2b-b469-c4ecd75651af','2023-03-18 16:18:23.450986','2023-03-18 16:18:23.451009',5392),
	 ('46e67715-707c-46a0-9584-b1c745ec91ea',1266789783,'6d755004-5959-4b31-acd4-a8009eb4130e','27e72c80-59c7-4a7f-81ac-3c284a70800f','2023-03-18 16:18:23.473533','2023-03-18 16:18:23.474119',7420),
	 ('29563ab7-2fb8-41fd-8af2-e804a1fa4bb5',1127791737,'2991a476-8a43-4c45-9b6d-1622473e2dd5','b040f023-6933-4503-81a8-b1866f9d6317','2023-03-18 16:18:23.480695','2023-03-18 16:18:23.480716',9624),
	 ('55238b4a-5274-47cb-8998-4299e8f666ae',1619559068,'265da2c2-79e0-418d-808b-37c47fde427d','03faef4a-f22f-4922-a868-880bf3859aa7','2023-03-18 16:18:23.491196','2023-03-18 16:18:23.491219',5355),
	 ('a42636b1-531c-4694-860d-ae8f8f54e650',1839228884,'d4947d87-3cba-4dc8-92b9-512575085b1b','b5c5941b-d6ff-4073-8842-a326d29cbae9','2023-03-18 16:18:23.495629','2023-03-18 16:18:23.49565',4178),
	 ('3e8f2bb4-bb99-439a-94a9-bd1ea2b30bb1',1523148935,'9a52b6ef-6a98-413f-81ef-c1f91a9442b8','03faef4a-f22f-4922-a868-880bf3859aa7','2023-03-18 16:18:23.498822','2023-03-18 16:18:23.498836',6569),
	 ('163d982f-e185-422e-a853-2c3050514bd3',1313310645,'071ddb5a-55ae-44b5-b91a-36c921f13b01','9ad0c93c-7e06-4695-b718-ff25fc1d268c','2023-03-18 16:18:23.501849','2023-03-18 16:18:23.501861',9007),
	 ('6bc9bcd3-794f-49ec-ab85-4988f437d762',1612412819,'21982774-098a-4f68-a625-cfbf3784b88b','277fd974-4b67-4a2b-b469-c4ecd75651af','2023-03-18 16:18:23.505755','2023-03-18 16:18:23.505774',9704),
	 ('b5e730d9-09b1-4b30-b87c-06475fbc33d8',1801110728,'52810bf8-9e95-4701-a413-6e55e41eaa1f','03faef4a-f22f-4922-a868-880bf3859aa7','2023-03-18 16:18:23.508543','2023-03-18 16:18:23.508556',1846),
	 ('1123507b-2480-4e3a-80c5-fb2779e8cd75',1491397095,'eee83111-2e91-4e50-8b29-474a8c02a48a','277fd974-4b67-4a2b-b469-c4ecd75651af','2023-03-18 16:18:23.511571','2023-03-18 16:18:23.511587',3235);
INSERT INTO public.account (id,acc_no,user_id,currency_id,created_at,updated_at,balance) VALUES
	 ('b0bc43e7-f0bd-4bba-a19c-25dd5ac50aa5',1086693724,'86325191-0027-4bba-b953-f6a2b62a4efd','277fd974-4b67-4a2b-b469-c4ecd75651af','2023-03-18 16:18:23.514443','2023-03-18 16:18:23.514457',9717),
	 ('f9e2bb06-77ef-4a59-9f6b-0d671ad3fc7b',1431389191,'48398c4d-33a0-4547-a39b-6a1383a3e423','e07fd634-d7ee-4cb1-a838-70ef3aebb254','2023-03-18 16:18:23.51761','2023-03-18 16:18:23.517622',5511),
	 ('bcf517df-0ed0-47ef-b07d-eca562d512d5',1758044610,'b8fc8e19-ca07-46e5-b030-9b0a3b66340d','b040f023-6933-4503-81a8-b1866f9d6317','2023-03-18 16:18:23.520519','2023-03-18 16:18:23.520536',7739),
	 ('7f2b91bf-06a4-4048-be52-a70eac1c7a70',1685810424,'88392591-b7ae-46c4-bb90-6580bb6f958c','03faef4a-f22f-4922-a868-880bf3859aa7','2023-03-18 16:18:23.523425','2023-03-18 16:18:23.52344',4004),
	 ('436b38bb-aae0-492e-bbef-9cb61fe678be',1434563731,'f92e7198-60d4-4c63-a95f-20f4039d1f3b','9ad0c93c-7e06-4695-b718-ff25fc1d268c','2023-03-18 16:18:23.526229','2023-03-18 16:18:23.526252',3013),
	 ('13c0edc4-a315-4861-a967-805912f730d1',1647137056,'a508c748-5864-4055-b1c2-faa1d997f9e8','9ad0c93c-7e06-4695-b718-ff25fc1d268c','2023-03-18 16:18:23.529423','2023-03-18 16:18:23.529442',2898),
	 ('873c615c-7b88-435e-af70-296c6d2268f8',1623385978,'e28ba9d7-2c24-42fe-a8ba-4b0e1126cfd0','b040f023-6933-4503-81a8-b1866f9d6317','2023-03-18 16:18:23.532436','2023-03-18 16:18:23.532451',1536),
	 ('70f4c788-4792-4e49-9d42-db72d35a6ded',1113663561,'02fd5b27-150e-483d-b65f-714a7f516131','9ad0c93c-7e06-4695-b718-ff25fc1d268c','2023-03-18 16:18:23.535209','2023-03-18 16:18:23.535221',6611),
	 ('a214eeae-552e-49a8-8092-e94f880cd6d6',1686059030,'35594816-868a-48a2-bc08-930794b9805d','e07fd634-d7ee-4cb1-a838-70ef3aebb254','2023-03-18 16:18:23.538043','2023-03-18 16:18:23.538058',2446),
	 ('8fb7a6d5-8661-49b5-88b9-efa3ce3bd29d',1209335030,'7de48d32-dde8-459e-a8f9-abd047029d3b','e07fd634-d7ee-4cb1-a838-70ef3aebb254','2023-03-18 16:18:23.541187','2023-03-18 16:18:23.541198',5197);
INSERT INTO public.account (id,acc_no,user_id,currency_id,created_at,updated_at,balance) VALUES
	 ('3fbcf09c-63e4-4fdd-b20a-81b95a7b4bc6',1684193952,'7509acb7-084f-4f1a-922b-42da113afae6','27e72c80-59c7-4a7f-81ac-3c284a70800f','2023-03-18 16:18:23.54387','2023-03-18 16:18:23.54388',4503),
	 ('cb26d09e-4ebc-472e-8bd7-a7cd640f6bda',1465108240,'33fc7583-75fb-44c2-b6f1-b9f7be24e562','03faef4a-f22f-4922-a868-880bf3859aa7','2023-03-18 16:18:23.546827','2023-03-18 16:18:23.546838',9891),
	 ('ba629d94-43f9-496d-96a7-d5d105a6d40d',1308655122,'71dab8ab-86ea-4f0c-ba82-1872143f1803','03faef4a-f22f-4922-a868-880bf3859aa7','2023-03-18 16:18:23.549747','2023-03-18 16:18:23.54976',4523),
	 ('891d9eda-822a-4f29-baab-5f1d11c9b7df',1374391729,'a508c748-5864-4055-b1c2-faa1d997f9e8','e07fd634-d7ee-4cb1-a838-70ef3aebb254','2023-03-18 16:18:23.552468','2023-03-18 16:18:23.552489',4000),
	 ('34659811-6b6b-4b05-8916-87cfa83e440e',1013796534,'b5f5e605-a211-466a-a8cc-2fe86320dbd0','9ad0c93c-7e06-4695-b718-ff25fc1d268c','2023-03-18 16:18:23.555475','2023-03-18 16:18:23.555489',3245),
	 ('17c7d0d5-a39e-4fba-89cc-6f7fb767db2f',1269645807,'3606034e-ba05-443d-bf59-27c7fe06549f','48193390-49b9-4530-b28e-0ce68dafa581','2023-03-18 16:18:23.561984','2023-03-18 16:18:23.561999',9279),
	 ('4833489b-0c5d-49d3-9a16-973e6666a16e',1729709067,'a7503761-5ab3-4edd-b447-38c8cd6aa520','27e72c80-59c7-4a7f-81ac-3c284a70800f','2023-03-18 16:18:23.565209','2023-03-18 16:18:23.565221',9601),
	 ('826e7dc6-55a9-4692-a4cb-2f65aac70372',1889685689,'21982774-098a-4f68-a625-cfbf3784b88b','277fd974-4b67-4a2b-b469-c4ecd75651af','2023-03-18 16:18:23.568159','2023-03-18 16:18:23.568169',8606),
	 ('eb0eeab0-21b7-4e38-aebd-a5527e0bc278',1963649751,'b5f5e605-a211-466a-a8cc-2fe86320dbd0','e07fd634-d7ee-4cb1-a838-70ef3aebb254','2023-03-18 16:18:23.570749','2023-03-18 16:18:23.570759',3682),
	 ('47a663d9-5172-4b64-ab95-6b259373ae2e',1388441440,'4c4d535a-c788-4a25-8392-c75b5986dd62','9ad0c93c-7e06-4695-b718-ff25fc1d268c','2023-03-18 16:18:23.573745','2023-03-18 16:18:23.573755',5957);
INSERT INTO public.account (id,acc_no,user_id,currency_id,created_at,updated_at,balance) VALUES
	 ('687463f1-21aa-46ef-9952-45d5b01f2205',1842364347,'ddd0b2c3-5e40-4177-80c3-0f5f5ac053d9','b5c5941b-d6ff-4073-8842-a326d29cbae9','2023-03-18 16:18:23.57692','2023-03-18 16:18:23.576931',9164),
	 ('53c19cc4-7cb0-4d6a-8abe-2003f1b40962',1746865106,'b95f9d35-4452-4e80-956e-e5dc9685b46e','46e83ef9-ab70-4667-8653-aaf75a80382c','2023-03-18 16:18:23.579482','2023-03-18 16:18:23.579492',2795),
	 ('97a3bb45-2410-424b-a87d-b15ff361ed8f',1410369679,'f4961db8-844a-4fa5-b89e-3e2afab706a3','b040f023-6933-4503-81a8-b1866f9d6317','2023-03-18 16:18:23.582118','2023-03-18 16:18:23.582129',9180),
	 ('cd8dfcdd-f778-405a-958b-1f25dbc8c344',1502083997,'33fc7583-75fb-44c2-b6f1-b9f7be24e562','27e72c80-59c7-4a7f-81ac-3c284a70800f','2023-03-18 16:18:23.58471','2023-03-18 16:18:23.58472',1398),
	 ('d226081e-7910-4bb1-9524-075d8cc2cea7',1104833926,'071ddb5a-55ae-44b5-b91a-36c921f13b01','e07fd634-d7ee-4cb1-a838-70ef3aebb254','2023-03-18 16:18:23.588537','2023-03-18 16:18:23.588548',8345),
	 ('4099b1cc-c416-4e3f-b762-5190ba9e5fd1',1337829024,'e28ba9d7-2c24-42fe-a8ba-4b0e1126cfd0','27e72c80-59c7-4a7f-81ac-3c284a70800f','2023-03-18 16:18:23.591182','2023-03-18 16:18:23.591192',4208),
	 ('bc739074-c7da-4f0e-9979-81480b19a7be',1988064451,'0b2be851-f5e5-41d9-bb0f-d8194edd18e3','03faef4a-f22f-4922-a868-880bf3859aa7','2023-03-18 16:18:23.593899','2023-03-18 16:18:23.593915',7473),
	 ('ef7aa26e-9b84-423f-80fc-5d935e2abdfc',1257438259,'b5f5e605-a211-466a-a8cc-2fe86320dbd0','6aa85959-235f-4212-b570-0116777002c5','2023-03-18 16:18:23.59646','2023-03-18 16:18:23.596489',7740),
	 ('334da20a-d188-4a0d-bf92-caab11bf824f',1695766031,'6d755004-5959-4b31-acd4-a8009eb4130e','b040f023-6933-4503-81a8-b1866f9d6317','2023-03-18 16:18:23.599229','2023-03-18 16:18:23.599239',1279),
	 ('4e421b66-9887-49d6-ad14-2a2156bb6e8b',1251270967,'59f469ba-71d5-41d6-a638-718b62eaf0c9','46e83ef9-ab70-4667-8653-aaf75a80382c','2023-03-18 16:18:23.602688','2023-03-18 16:18:23.602698',2017);
INSERT INTO public.account (id,acc_no,user_id,currency_id,created_at,updated_at,balance) VALUES
	 ('195f93c2-307a-4c77-8153-5b96ba7386f0',1223454683,'02fd5b27-150e-483d-b65f-714a7f516131','9ad0c93c-7e06-4695-b718-ff25fc1d268c','2023-03-18 16:18:23.60538','2023-03-18 16:18:23.60539',5679),
	 ('a58bb9ad-9781-495b-a776-b158811c289f',1747299624,'e67599c6-696e-4ffb-994e-72e63ce09ac2','9ad0c93c-7e06-4695-b718-ff25fc1d268c','2023-03-18 16:18:23.608159','2023-03-18 16:18:23.608169',8798),
	 ('0ebfb8c1-6caa-4f78-b104-cf22649ed04b',1539512738,'e67599c6-696e-4ffb-994e-72e63ce09ac2','b040f023-6933-4503-81a8-b1866f9d6317','2023-03-18 16:18:23.610659','2023-03-18 16:18:23.610668',5668),
	 ('36149997-5368-47d1-a8b4-3edc6c9dfb86',1248557885,'286ba4ca-70dc-46e9-a352-4502476a6af8','03faef4a-f22f-4922-a868-880bf3859aa7','2023-03-18 16:18:23.613448','2023-03-18 16:18:23.613459',8848),
	 ('4ab0c225-958a-43bc-9da0-ab215a90daf9',1129355560,'a0b811fc-3b66-4de1-9248-06f177f013b0','48193390-49b9-4530-b28e-0ce68dafa581','2023-03-18 16:18:23.616288','2023-03-18 16:18:23.616298',8440),
	 ('57bbb141-84be-4712-a53b-21b92d513b4b',1533035460,'a7503761-5ab3-4edd-b447-38c8cd6aa520','b040f023-6933-4503-81a8-b1866f9d6317','2023-03-18 16:18:23.618955','2023-03-18 16:18:23.618964',1792),
	 ('20572691-80e0-44e6-a908-7d2ec95dcf53',1825555517,'1fc02134-5515-40c9-98d8-5f53adb88a7d','e07fd634-d7ee-4cb1-a838-70ef3aebb254','2023-03-18 16:18:23.621723','2023-03-18 16:18:23.621733',2665),
	 ('75a36441-a896-41df-93cc-6783637e0b43',1138245492,'cf661758-3516-41b9-bf26-d10016f19994','b040f023-6933-4503-81a8-b1866f9d6317','2023-03-18 16:18:23.624406','2023-03-18 16:18:23.624415',6496),
	 ('b3a936a6-169a-49a3-b227-579b73cc8480',1826216645,'1fc02134-5515-40c9-98d8-5f53adb88a7d','b5c5941b-d6ff-4073-8842-a326d29cbae9','2023-03-18 16:18:23.626808','2023-03-18 16:18:23.626816',3308),
	 ('50df5127-4798-44a7-ba54-0c70229d94b6',1545646252,'a92c11ae-c87a-4163-91c5-81084ec9061f','b5c5941b-d6ff-4073-8842-a326d29cbae9','2023-03-18 16:18:23.629831','2023-03-18 16:18:23.629841',9687);
INSERT INTO public.account (id,acc_no,user_id,currency_id,created_at,updated_at,balance) VALUES
	 ('09b3f27b-1311-4931-817b-8a7091cd8a73',1679509686,'4c4d535a-c788-4a25-8392-c75b5986dd62','e07fd634-d7ee-4cb1-a838-70ef3aebb254','2023-03-18 16:18:23.632813','2023-03-18 16:18:23.632821',1583),
	 ('eb71c60f-d959-4ba5-88c9-07e47f5ef61a',1861817297,'cbc3c2d1-fa90-4537-ab09-bc33497df5d1','27e72c80-59c7-4a7f-81ac-3c284a70800f','2023-03-18 16:18:23.635246','2023-03-18 16:18:23.635254',8042),
	 ('4a04f226-4754-486e-9821-1d5b74c076dc',1647587089,'f3c51d30-8c8b-43ac-8d14-42f755360efb','46e83ef9-ab70-4667-8653-aaf75a80382c','2023-03-18 16:18:23.638296','2023-03-18 16:18:23.638306',9166),
	 ('9fcdb814-aa12-4ea0-a935-2224e04d689f',1075931026,'21982774-098a-4f68-a625-cfbf3784b88b','e07fd634-d7ee-4cb1-a838-70ef3aebb254','2023-03-18 16:18:23.641156','2023-03-18 16:18:23.641167',8142),
	 ('19805e18-7f5c-4765-ab96-43f2ff8d5353',1662457389,'c391c7db-6d19-4e11-93f6-999d93089087','9ad0c93c-7e06-4695-b718-ff25fc1d268c','2023-03-18 16:18:23.643858','2023-03-18 16:18:23.643867',2634),
	 ('512d9bac-e71a-46f7-8a79-9776f0b2ec3f',1198272281,'a7503761-5ab3-4edd-b447-38c8cd6aa520','b5c5941b-d6ff-4073-8842-a326d29cbae9','2023-03-18 16:18:23.646418','2023-03-18 16:18:23.646427',4114),
	 ('67ab3ae7-40d5-487f-8732-e646c5716bb4',1680070011,'5ae55cbd-87c0-4136-b78c-4da4098d4dc5','27e72c80-59c7-4a7f-81ac-3c284a70800f','2023-03-18 16:18:23.648705','2023-03-18 16:18:23.648713',8023),
	 ('8d48b9d5-383e-49a7-9a8b-60c95933c5d1',1429015606,'a92c11ae-c87a-4163-91c5-81084ec9061f','6aa85959-235f-4212-b570-0116777002c5','2023-03-18 16:18:23.654983','2023-03-18 16:18:23.654996',2220),
	 ('cf6276a7-b673-4691-bfcf-7252d3b91137',1852430058,'f92e7198-60d4-4c63-a95f-20f4039d1f3b','b5c5941b-d6ff-4073-8842-a326d29cbae9','2023-03-18 16:18:23.657609','2023-03-18 16:18:23.657621',3157),
	 ('63106c34-7419-4bdc-a7a1-92f2f9b441c1',1562396894,'8d2a132f-5bb3-4c53-846f-9859442c1d39','b040f023-6933-4503-81a8-b1866f9d6317','2023-03-18 16:18:23.660145','2023-03-18 16:18:23.660154',6276);
INSERT INTO public.account (id,acc_no,user_id,currency_id,created_at,updated_at,balance) VALUES
	 ('9c134313-112f-4cb8-9368-9354e345aa31',1291773703,'74e2548a-a85b-4fb7-8888-5adccf0d91c4','e07fd634-d7ee-4cb1-a838-70ef3aebb254','2023-03-18 16:18:23.662645','2023-03-18 16:18:23.662654',5207),
	 ('39122bf7-6ece-42c1-9b42-5a62966579c9',1342772466,'73a67620-8629-416d-94e1-1bd0898c7cbe','27e72c80-59c7-4a7f-81ac-3c284a70800f','2023-03-18 16:18:23.665769','2023-03-18 16:18:23.665778',4910),
	 ('56c6f56f-5789-4176-8753-58dd82603930',1392461476,'12c11106-f73b-4453-bef2-3c9304864f3c','277fd974-4b67-4a2b-b469-c4ecd75651af','2023-03-18 16:18:23.668235','2023-03-18 16:18:23.668244',2351),
	 ('abad4daf-5280-4159-b82e-47c5916e231e',1337751459,'88392591-b7ae-46c4-bb90-6580bb6f958c','6aa85959-235f-4212-b570-0116777002c5','2023-03-18 16:18:23.670756','2023-03-18 16:18:23.670767',4747),
	 ('1e6eb77d-95c4-4cff-94b1-bb265c4b9131',1835436650,'33fc7583-75fb-44c2-b6f1-b9f7be24e562','b040f023-6933-4503-81a8-b1866f9d6317','2023-03-18 16:18:23.673082','2023-03-18 16:18:23.673091',1336),
	 ('98350cc7-c948-47e1-b63d-0f909277c1f9',1691844621,'3606034e-ba05-443d-bf59-27c7fe06549f','e07fd634-d7ee-4cb1-a838-70ef3aebb254','2023-03-18 16:18:23.67698','2023-03-18 16:18:23.67699',5706),
	 ('104c8995-ebbf-407b-ab75-552a136e013f',1815785332,'be82afbc-fda0-4c36-8a26-9798b1ab6dcd','46e83ef9-ab70-4667-8653-aaf75a80382c','2023-03-18 16:18:23.679443','2023-03-18 16:18:23.679453',1375),
	 ('6c1491e1-982a-47a0-8edd-9f59084fb3aa',1630259314,'4c4d535a-c788-4a25-8392-c75b5986dd62','b040f023-6933-4503-81a8-b1866f9d6317','2023-03-18 16:18:23.682416','2023-03-18 16:18:23.682427',7955),
	 ('14de2483-7d95-4c01-8b0f-143e5c2602c6',1828669438,'9c6e1b14-4daa-4723-aa87-2ff37808f8b4','b5c5941b-d6ff-4073-8842-a326d29cbae9','2023-03-18 16:18:23.687722','2023-03-18 16:18:23.687749',7191),
	 ('dba7aaf2-8888-4a9b-ae4f-9fcd62c4dcbd',1144805250,'bd785d87-f85f-43b2-980f-274dee82a5aa','48193390-49b9-4530-b28e-0ce68dafa581','2023-03-18 16:18:23.690169','2023-03-18 16:18:23.690176',7863);
INSERT INTO public.account (id,acc_no,user_id,currency_id,created_at,updated_at,balance) VALUES
	 ('6131b429-4abb-4363-92f5-3f5d52a51b65',1188752697,'4c4d535a-c788-4a25-8392-c75b5986dd62','48193390-49b9-4530-b28e-0ce68dafa581','2023-03-18 16:18:23.693466','2023-03-18 16:18:23.693475',2718),
	 ('db233f95-8fc0-463c-8a87-7bbc60b04d7e',1047289285,'a508c748-5864-4055-b1c2-faa1d997f9e8','27e72c80-59c7-4a7f-81ac-3c284a70800f','2023-03-18 16:18:23.6961','2023-03-18 16:18:23.696109',1957),
	 ('d43b3fbf-d6e5-4b72-9692-1887e0800c72',1273239423,'3c7c1c07-58bb-42f9-b748-3d1caa33017f','6aa85959-235f-4212-b570-0116777002c5','2023-03-18 16:18:23.69858','2023-03-18 16:18:23.698588',7798),
	 ('f6298d2e-671d-4510-aa8a-584169190d67',1079319362,'550cf3e7-c3fa-4ee9-80ac-a6b429ae9cae','46e83ef9-ab70-4667-8653-aaf75a80382c','2023-03-18 16:18:23.70091','2023-03-18 16:18:23.700917',4820),
	 ('dca013a5-22ba-4ac8-9110-a3caf6e24397',1400984316,'724019f1-a908-40cb-a41f-114a6999adb9','03faef4a-f22f-4922-a868-880bf3859aa7','2023-03-18 16:18:23.703337','2023-03-18 16:18:23.703345',1206),
	 ('0a684b44-7ace-43f3-b828-241ef8335645',1627298351,'7de48d32-dde8-459e-a8f9-abd047029d3b','6aa85959-235f-4212-b570-0116777002c5','2023-03-18 16:18:23.709088','2023-03-18 16:18:23.7091',4846),
	 ('9df240f3-de89-48e1-a2f7-94011c93b66d',1951915912,'70a2f4c7-7a5d-4516-9af1-3ce46c084183','b5c5941b-d6ff-4073-8842-a326d29cbae9','2023-03-18 16:18:23.711901','2023-03-18 16:18:23.71191',1457),
	 ('b4e9ab33-74fc-4526-886f-ef7d5e5d6bab',1450683064,'59f469ba-71d5-41d6-a638-718b62eaf0c9','9ad0c93c-7e06-4695-b718-ff25fc1d268c','2023-03-18 16:18:23.714457','2023-03-18 16:18:23.714469',4719),
	 ('a4496953-a617-447e-8dcd-2d995f6b6629',1463980553,'3c7c1c07-58bb-42f9-b748-3d1caa33017f','27e72c80-59c7-4a7f-81ac-3c284a70800f','2023-03-18 16:18:23.717818','2023-03-18 16:18:23.717832',5600),
	 ('9bcaa2ba-504b-4d36-a69b-62ae7335231f',1508518248,'210354fa-c0ec-4cb8-b8a2-3347a6d5eb7c','48193390-49b9-4530-b28e-0ce68dafa581','2023-03-18 16:18:23.72043','2023-03-18 16:18:23.72044',2920);

INSERT INTO public."transaction" (id,sender_acc_id,receiver_acc_id,currency_id,amount,created_at) VALUES
	 ('cbc8ecfd-5ffd-4459-834d-749ea1b48a94','e62277b5-3f59-4f88-bed4-04fbe8c470e8','4e148709-bf7b-42bc-9e1e-5e3589d0e162','48193390-49b9-4530-b28e-0ce68dafa581',337,'2023-03-23 08:58:30.314733'),
	 ('b139f74a-e422-4c30-9cc5-6b6088b74c10','babca6d7-fd4b-4306-b35e-e436786a9a00','2b9dd9a7-eb83-4fcc-a479-4489e0571e06','46e83ef9-ab70-4667-8653-aaf75a80382c',577,'2023-03-23 08:58:30.320495'),
	 ('3f8ea483-7944-4bb1-816f-e70eef8b5c2e','431ef22a-72ef-492e-81c1-38a0db98019a','b933fa30-faea-4166-b511-03445264d69d','b5c5941b-d6ff-4073-8842-a326d29cbae9',890,'2023-03-23 08:58:30.323339'),
	 ('9dce0374-9020-4913-89db-c4b83696429b','431ef22a-72ef-492e-81c1-38a0db98019a','b933fa30-faea-4166-b511-03445264d69d','b5c5941b-d6ff-4073-8842-a326d29cbae9',695,'2023-03-23 08:58:30.326971'),
	 ('00034970-37d2-4ef7-b795-6f45046c04d0','d24e8432-6e8f-48b7-bd23-aaa953a2a613','933ebe4f-0941-4cd6-8a4c-0228db83fe79','277fd974-4b67-4a2b-b469-c4ecd75651af',972,'2023-03-23 08:58:30.329969'),
	 ('7ac87c10-6291-4db1-a2d9-8a31129f9d07','f5c0b82a-4d0a-48d1-8b28-5056530387ff','68bcbdf6-bb74-4c5e-8ed6-e372a54dce61','27e72c80-59c7-4a7f-81ac-3c284a70800f',493,'2023-03-23 08:58:30.3328'),
	 ('1101325a-0040-427d-8fd5-2a13508fbcbc','e228ec47-027f-497a-b497-44b959434e77','68db587f-a1f9-42e5-8c99-cb2fa477b944','9ad0c93c-7e06-4695-b718-ff25fc1d268c',842,'2023-03-23 08:58:30.335887'),
	 ('2aed6b72-3b4d-4416-99f1-4b1e425832e0','babca6d7-fd4b-4306-b35e-e436786a9a00','2b9dd9a7-eb83-4fcc-a479-4489e0571e06','46e83ef9-ab70-4667-8653-aaf75a80382c',462,'2023-03-23 08:58:30.33829'),
	 ('9569af9a-9167-4ac7-a742-48e972e93433','9a6b19b5-ac64-4325-b528-29edfeff3fdf','6bb87093-f863-4b88-ad82-40213605ac83','6aa85959-235f-4212-b570-0116777002c5',501,'2023-03-23 08:58:30.341281'),
	 ('249ac61b-801a-45ed-8a6a-94a7d05963fd','babca6d7-fd4b-4306-b35e-e436786a9a00','2b9dd9a7-eb83-4fcc-a479-4489e0571e06','46e83ef9-ab70-4667-8653-aaf75a80382c',355,'2023-03-23 08:58:30.345528');
INSERT INTO public."transaction" (id,sender_acc_id,receiver_acc_id,currency_id,amount,created_at) VALUES
	 ('3043f5ec-d323-4672-be26-d806e5a840e0','b6403bf6-e60a-46f5-88d3-74b04f6f6eff','52286d6a-8734-4c52-a7ca-0222c1ca65e0','e07fd634-d7ee-4cb1-a838-70ef3aebb254',882,'2023-03-23 08:58:30.349456'),
	 ('59c86282-1bca-441d-ab61-5e005cdf1429','3f181412-7018-486b-a656-9d8e81dff613','52c40aa1-9e8b-423a-872f-906d2c7af971','b040f023-6933-4503-81a8-b1866f9d6317',299,'2023-03-23 08:58:30.352665'),
	 ('f19e7661-0973-4a88-b040-bbc4761c829b','d24e8432-6e8f-48b7-bd23-aaa953a2a613','933ebe4f-0941-4cd6-8a4c-0228db83fe79','277fd974-4b67-4a2b-b469-c4ecd75651af',899,'2023-03-23 08:58:30.355024'),
	 ('7df548c4-c1e7-4039-8d83-4f47a5ead68f','431ef22a-72ef-492e-81c1-38a0db98019a','b933fa30-faea-4166-b511-03445264d69d','b5c5941b-d6ff-4073-8842-a326d29cbae9',820,'2023-03-23 08:58:30.357758'),
	 ('5b70f188-fdc0-43e2-965a-d288061e5e91','babca6d7-fd4b-4306-b35e-e436786a9a00','2b9dd9a7-eb83-4fcc-a479-4489e0571e06','46e83ef9-ab70-4667-8653-aaf75a80382c',959,'2023-03-23 08:58:30.360267'),
	 ('5c8cdd52-13cd-4224-8735-5b5d9db3a85c','431ef22a-72ef-492e-81c1-38a0db98019a','b933fa30-faea-4166-b511-03445264d69d','b5c5941b-d6ff-4073-8842-a326d29cbae9',661,'2023-03-23 08:58:30.364739'),
	 ('2421e676-e076-489d-8380-371509f2aa4c','e228ec47-027f-497a-b497-44b959434e77','68db587f-a1f9-42e5-8c99-cb2fa477b944','9ad0c93c-7e06-4695-b718-ff25fc1d268c',362,'2023-03-23 08:58:30.371427'),
	 ('fe16f4b5-da8e-4493-acfb-c7f1a5373ee1','d24e8432-6e8f-48b7-bd23-aaa953a2a613','933ebe4f-0941-4cd6-8a4c-0228db83fe79','277fd974-4b67-4a2b-b469-c4ecd75651af',218,'2023-03-23 08:58:30.377129'),
	 ('19f92f44-ed20-4566-ad2e-d013cb25c52a','e228ec47-027f-497a-b497-44b959434e77','68db587f-a1f9-42e5-8c99-cb2fa477b944','9ad0c93c-7e06-4695-b718-ff25fc1d268c',885,'2023-03-23 08:58:30.380306'),
	 ('23b00e06-929b-4f7a-a65d-a6b3e1d3758c','b6403bf6-e60a-46f5-88d3-74b04f6f6eff','52286d6a-8734-4c52-a7ca-0222c1ca65e0','e07fd634-d7ee-4cb1-a838-70ef3aebb254',240,'2023-03-23 08:58:30.38291');
INSERT INTO public."transaction" (id,sender_acc_id,receiver_acc_id,currency_id,amount,created_at) VALUES
	 ('41e90e27-82e0-4440-9ad0-338b35135832','f5c0b82a-4d0a-48d1-8b28-5056530387ff','68bcbdf6-bb74-4c5e-8ed6-e372a54dce61','27e72c80-59c7-4a7f-81ac-3c284a70800f',313,'2023-03-23 08:58:30.385253'),
	 ('b4e6e410-b314-439b-98b0-7927f8dc8848','b6403bf6-e60a-46f5-88d3-74b04f6f6eff','52286d6a-8734-4c52-a7ca-0222c1ca65e0','e07fd634-d7ee-4cb1-a838-70ef3aebb254',859,'2023-03-23 08:58:30.387793'),
	 ('43b8ec8e-5932-41a5-bd09-7f958f62ec67','b6403bf6-e60a-46f5-88d3-74b04f6f6eff','52286d6a-8734-4c52-a7ca-0222c1ca65e0','e07fd634-d7ee-4cb1-a838-70ef3aebb254',746,'2023-03-23 08:58:30.390355'),
	 ('6e60e197-d9d0-4266-953b-97466e8cab91','3f181412-7018-486b-a656-9d8e81dff613','52c40aa1-9e8b-423a-872f-906d2c7af971','b040f023-6933-4503-81a8-b1866f9d6317',787,'2023-03-23 08:58:30.393152'),
	 ('aa652388-0cf4-4b93-b4d3-2f261c30290b','e228ec47-027f-497a-b497-44b959434e77','68db587f-a1f9-42e5-8c99-cb2fa477b944','9ad0c93c-7e06-4695-b718-ff25fc1d268c',331,'2023-03-23 08:58:30.395987'),
	 ('809e1480-f195-4e47-b81f-4bb106ae70ef','f5c0b82a-4d0a-48d1-8b28-5056530387ff','68bcbdf6-bb74-4c5e-8ed6-e372a54dce61','27e72c80-59c7-4a7f-81ac-3c284a70800f',890,'2023-03-23 08:58:30.398768'),
	 ('1d9ae929-69c1-4fdd-97fe-55d67d69ff13','d24e8432-6e8f-48b7-bd23-aaa953a2a613','933ebe4f-0941-4cd6-8a4c-0228db83fe79','277fd974-4b67-4a2b-b469-c4ecd75651af',352,'2023-03-23 08:58:30.402914'),
	 ('f14c5c96-0b41-491c-9eb0-6aff1d087b53','d24e8432-6e8f-48b7-bd23-aaa953a2a613','933ebe4f-0941-4cd6-8a4c-0228db83fe79','277fd974-4b67-4a2b-b469-c4ecd75651af',350,'2023-03-23 08:58:30.405826'),
	 ('3c14ece3-2ba5-493d-9bb7-6d50d17fe0b3','431ef22a-72ef-492e-81c1-38a0db98019a','b933fa30-faea-4166-b511-03445264d69d','b5c5941b-d6ff-4073-8842-a326d29cbae9',658,'2023-03-23 08:58:30.408445'),
	 ('ae7a0d0f-144f-470e-ba53-172e7bf61fd3','9a6b19b5-ac64-4325-b528-29edfeff3fdf','6bb87093-f863-4b88-ad82-40213605ac83','6aa85959-235f-4212-b570-0116777002c5',984,'2023-03-23 08:58:30.417659');
INSERT INTO public."transaction" (id,sender_acc_id,receiver_acc_id,currency_id,amount,created_at) VALUES
	 ('c68ab156-262a-42b4-96c9-7aa6dc419f18','431ef22a-72ef-492e-81c1-38a0db98019a','b933fa30-faea-4166-b511-03445264d69d','b5c5941b-d6ff-4073-8842-a326d29cbae9',209,'2023-03-23 08:58:30.422269'),
	 ('bf30588a-46d2-4d3a-90a4-3e07b013487f','431ef22a-72ef-492e-81c1-38a0db98019a','b933fa30-faea-4166-b511-03445264d69d','b5c5941b-d6ff-4073-8842-a326d29cbae9',366,'2023-03-23 08:58:30.425634'),
	 ('96a0fd4d-3501-4104-aabb-e3dc507b3956','b6403bf6-e60a-46f5-88d3-74b04f6f6eff','52286d6a-8734-4c52-a7ca-0222c1ca65e0','e07fd634-d7ee-4cb1-a838-70ef3aebb254',930,'2023-03-23 08:58:30.428386'),
	 ('21a5676b-c3fd-4cb6-bee5-93cea4b444eb','f5c0b82a-4d0a-48d1-8b28-5056530387ff','68bcbdf6-bb74-4c5e-8ed6-e372a54dce61','27e72c80-59c7-4a7f-81ac-3c284a70800f',402,'2023-03-23 08:58:30.430643'),
	 ('3580ec7c-5cfa-41e7-88c3-26245dc0cd98','431ef22a-72ef-492e-81c1-38a0db98019a','b933fa30-faea-4166-b511-03445264d69d','b5c5941b-d6ff-4073-8842-a326d29cbae9',239,'2023-03-23 08:58:30.432809'),
	 ('3348b306-3360-468f-996e-a89eb9e90582','f5c0b82a-4d0a-48d1-8b28-5056530387ff','68bcbdf6-bb74-4c5e-8ed6-e372a54dce61','27e72c80-59c7-4a7f-81ac-3c284a70800f',871,'2023-03-23 08:58:30.436545'),
	 ('8614ca9a-7913-4199-9873-07e4bb28c1fd','d24e8432-6e8f-48b7-bd23-aaa953a2a613','933ebe4f-0941-4cd6-8a4c-0228db83fe79','277fd974-4b67-4a2b-b469-c4ecd75651af',917,'2023-03-23 08:58:30.439312'),
	 ('efc6de02-e774-4172-b1e5-efc2393d5daa','babca6d7-fd4b-4306-b35e-e436786a9a00','2b9dd9a7-eb83-4fcc-a479-4489e0571e06','46e83ef9-ab70-4667-8653-aaf75a80382c',546,'2023-03-23 08:58:30.441706'),
	 ('06036fdf-722f-4697-a040-3a1c04e3ca7a','d24e8432-6e8f-48b7-bd23-aaa953a2a613','933ebe4f-0941-4cd6-8a4c-0228db83fe79','277fd974-4b67-4a2b-b469-c4ecd75651af',599,'2023-03-23 08:58:30.444829'),
	 ('33ca774a-fa70-4a05-926a-acbcef380951','431ef22a-72ef-492e-81c1-38a0db98019a','b933fa30-faea-4166-b511-03445264d69d','b5c5941b-d6ff-4073-8842-a326d29cbae9',425,'2023-03-23 08:58:30.44745');
INSERT INTO public."transaction" (id,sender_acc_id,receiver_acc_id,currency_id,amount,created_at) VALUES
	 ('5716cca0-db11-4d1e-8873-f0226dccd764','b6403bf6-e60a-46f5-88d3-74b04f6f6eff','52286d6a-8734-4c52-a7ca-0222c1ca65e0','e07fd634-d7ee-4cb1-a838-70ef3aebb254',353,'2023-03-23 08:58:30.449886'),
	 ('6b17efac-bed9-4785-9eb6-915d02a43d5a','f5c0b82a-4d0a-48d1-8b28-5056530387ff','68bcbdf6-bb74-4c5e-8ed6-e372a54dce61','27e72c80-59c7-4a7f-81ac-3c284a70800f',367,'2023-03-23 08:58:30.452019'),
	 ('93d60c8f-eb65-4160-a734-3a11baf42d7b','f5c0b82a-4d0a-48d1-8b28-5056530387ff','68bcbdf6-bb74-4c5e-8ed6-e372a54dce61','27e72c80-59c7-4a7f-81ac-3c284a70800f',776,'2023-03-23 08:58:30.454042'),
	 ('27ed1a4a-161d-4b05-89bd-ba8d3e3f56f4','e228ec47-027f-497a-b497-44b959434e77','68db587f-a1f9-42e5-8c99-cb2fa477b944','9ad0c93c-7e06-4695-b718-ff25fc1d268c',852,'2023-03-23 08:58:30.458862'),
	 ('9f6616d9-47c0-474e-adb8-d4d8558dd8ca','b6403bf6-e60a-46f5-88d3-74b04f6f6eff','52286d6a-8734-4c52-a7ca-0222c1ca65e0','e07fd634-d7ee-4cb1-a838-70ef3aebb254',519,'2023-03-23 08:58:30.461053'),
	 ('d5c4f1cb-78d3-42d9-b937-bd6dfb1bff57','b6403bf6-e60a-46f5-88d3-74b04f6f6eff','52286d6a-8734-4c52-a7ca-0222c1ca65e0','e07fd634-d7ee-4cb1-a838-70ef3aebb254',830,'2023-03-23 08:58:30.463482'),
	 ('6ed55732-a142-4d0c-bca5-5046587b3f13','d24e8432-6e8f-48b7-bd23-aaa953a2a613','933ebe4f-0941-4cd6-8a4c-0228db83fe79','277fd974-4b67-4a2b-b469-c4ecd75651af',333,'2023-03-23 08:58:30.465622'),
	 ('55d60c6f-fc93-488c-bae4-a33983ac7484','babca6d7-fd4b-4306-b35e-e436786a9a00','2b9dd9a7-eb83-4fcc-a479-4489e0571e06','46e83ef9-ab70-4667-8653-aaf75a80382c',819,'2023-03-23 08:58:30.467727'),
	 ('3cc13bbb-4439-4dcf-8870-77d8b9a0d035','3f181412-7018-486b-a656-9d8e81dff613','52c40aa1-9e8b-423a-872f-906d2c7af971','b040f023-6933-4503-81a8-b1866f9d6317',524,'2023-03-23 08:58:30.469961'),
	 ('a387f513-fa9b-4280-a11a-12e5ea2f6a90','9a6b19b5-ac64-4325-b528-29edfeff3fdf','6bb87093-f863-4b88-ad82-40213605ac83','6aa85959-235f-4212-b570-0116777002c5',604,'2023-03-23 08:58:30.471984');
INSERT INTO public."transaction" (id,sender_acc_id,receiver_acc_id,currency_id,amount,created_at) VALUES
	 ('a0d14592-bd26-4125-a834-6b7fb5991db9','431ef22a-72ef-492e-81c1-38a0db98019a','b933fa30-faea-4166-b511-03445264d69d','b5c5941b-d6ff-4073-8842-a326d29cbae9',994,'2023-03-23 08:58:30.474379'),
	 ('086ad0a5-ab97-414a-8355-8f640be1fc9b','d24e8432-6e8f-48b7-bd23-aaa953a2a613','933ebe4f-0941-4cd6-8a4c-0228db83fe79','277fd974-4b67-4a2b-b469-c4ecd75651af',665,'2023-03-23 08:58:30.477335'),
	 ('69c51332-2599-4d2e-a19b-68a38fd13b1e','9a6b19b5-ac64-4325-b528-29edfeff3fdf','6bb87093-f863-4b88-ad82-40213605ac83','6aa85959-235f-4212-b570-0116777002c5',469,'2023-03-23 08:58:30.483889'),
	 ('06e072be-6e9a-41ce-b640-95d0d8a40cd6','f5c0b82a-4d0a-48d1-8b28-5056530387ff','68bcbdf6-bb74-4c5e-8ed6-e372a54dce61','27e72c80-59c7-4a7f-81ac-3c284a70800f',978,'2023-03-23 08:58:30.486252'),
	 ('7441ffe7-d598-4089-b89e-5d96e5688602','a061f535-6829-4e58-ab93-7b408d2504f3','45974212-1396-44a0-aeaf-d39eb87982ea','03faef4a-f22f-4922-a868-880bf3859aa7',894,'2023-03-23 08:58:30.488208'),
	 ('fe7fdf77-50b0-4ff4-bb9f-1017aa32e2a6','babca6d7-fd4b-4306-b35e-e436786a9a00','2b9dd9a7-eb83-4fcc-a479-4489e0571e06','46e83ef9-ab70-4667-8653-aaf75a80382c',406,'2023-03-23 08:58:30.490472'),
	 ('43048e2d-aaf4-41b7-9ec2-84a9dedb040a','a061f535-6829-4e58-ab93-7b408d2504f3','45974212-1396-44a0-aeaf-d39eb87982ea','03faef4a-f22f-4922-a868-880bf3859aa7',842,'2023-03-23 08:58:30.492815'),
	 ('a9b00473-8408-4e9f-aa23-f767d4b45d03','e62277b5-3f59-4f88-bed4-04fbe8c470e8','4e148709-bf7b-42bc-9e1e-5e3589d0e162','48193390-49b9-4530-b28e-0ce68dafa581',767,'2023-03-23 08:58:30.495108'),
	 ('97306f1f-0c7d-43f4-a7a2-beaed37649f9','babca6d7-fd4b-4306-b35e-e436786a9a00','2b9dd9a7-eb83-4fcc-a479-4489e0571e06','46e83ef9-ab70-4667-8653-aaf75a80382c',715,'2023-03-23 08:58:30.497708'),
	 ('c8946c1e-2bdc-4e97-8dca-8a9f7619ddde','babca6d7-fd4b-4306-b35e-e436786a9a00','2b9dd9a7-eb83-4fcc-a479-4489e0571e06','46e83ef9-ab70-4667-8653-aaf75a80382c',301,'2023-03-23 08:58:30.499799');
INSERT INTO public."transaction" (id,sender_acc_id,receiver_acc_id,currency_id,amount,created_at) VALUES
	 ('a6db99e7-700e-49ce-8a49-d4bc518e596e','3f181412-7018-486b-a656-9d8e81dff613','52c40aa1-9e8b-423a-872f-906d2c7af971','b040f023-6933-4503-81a8-b1866f9d6317',366,'2023-03-23 08:58:30.501697'),
	 ('627cb13c-efae-4610-a192-54228d1b18b5','a061f535-6829-4e58-ab93-7b408d2504f3','45974212-1396-44a0-aeaf-d39eb87982ea','03faef4a-f22f-4922-a868-880bf3859aa7',436,'2023-03-23 08:58:30.504734'),
	 ('4d710ef9-4e12-4037-a7b4-b2b17758385a','3f181412-7018-486b-a656-9d8e81dff613','52c40aa1-9e8b-423a-872f-906d2c7af971','b040f023-6933-4503-81a8-b1866f9d6317',903,'2023-03-23 08:58:30.507542'),
	 ('716f055f-cb96-440d-b74d-20127395866f','f5c0b82a-4d0a-48d1-8b28-5056530387ff','68bcbdf6-bb74-4c5e-8ed6-e372a54dce61','27e72c80-59c7-4a7f-81ac-3c284a70800f',933,'2023-03-23 08:58:30.510507'),
	 ('c2b42450-5691-4a71-9280-f0e708bc38a5','babca6d7-fd4b-4306-b35e-e436786a9a00','2b9dd9a7-eb83-4fcc-a479-4489e0571e06','46e83ef9-ab70-4667-8653-aaf75a80382c',648,'2023-03-23 08:58:30.513073'),
	 ('45d3bbd6-1fff-4acb-b1a9-8f602f51f986','f5c0b82a-4d0a-48d1-8b28-5056530387ff','68bcbdf6-bb74-4c5e-8ed6-e372a54dce61','27e72c80-59c7-4a7f-81ac-3c284a70800f',845,'2023-03-23 08:58:30.515408'),
	 ('44e89aa9-7b9f-4128-9222-5f4a3a073c88','b6403bf6-e60a-46f5-88d3-74b04f6f6eff','52286d6a-8734-4c52-a7ca-0222c1ca65e0','e07fd634-d7ee-4cb1-a838-70ef3aebb254',731,'2023-03-23 08:58:30.517658'),
	 ('10bd1943-6f2b-4c0b-84f4-2ea419eb657b','d24e8432-6e8f-48b7-bd23-aaa953a2a613','933ebe4f-0941-4cd6-8a4c-0228db83fe79','277fd974-4b67-4a2b-b469-c4ecd75651af',424,'2023-03-23 08:58:30.520068'),
	 ('96bb3cd1-6025-4052-9322-85cd7ea769ff','f5c0b82a-4d0a-48d1-8b28-5056530387ff','68bcbdf6-bb74-4c5e-8ed6-e372a54dce61','27e72c80-59c7-4a7f-81ac-3c284a70800f',204,'2023-03-23 08:58:30.522243'),
	 ('ac69a519-b6f5-4f4a-b7ea-3e4d86a9972f','9a6b19b5-ac64-4325-b528-29edfeff3fdf','6bb87093-f863-4b88-ad82-40213605ac83','6aa85959-235f-4212-b570-0116777002c5',225,'2023-03-23 08:58:30.527716');
INSERT INTO public."transaction" (id,sender_acc_id,receiver_acc_id,currency_id,amount,created_at) VALUES
	 ('7cfc1511-6357-4fb9-b369-da6ea7a2bf4a','9a6b19b5-ac64-4325-b528-29edfeff3fdf','6bb87093-f863-4b88-ad82-40213605ac83','6aa85959-235f-4212-b570-0116777002c5',482,'2023-03-23 08:58:30.530432'),
	 ('dc639359-a9d3-404b-aaec-2a2c009e6c7e','d24e8432-6e8f-48b7-bd23-aaa953a2a613','933ebe4f-0941-4cd6-8a4c-0228db83fe79','277fd974-4b67-4a2b-b469-c4ecd75651af',300,'2023-03-23 08:58:30.307904'),
	 ('e2cb0e30-5be3-4fd2-8856-d77c09408f48','e62277b5-3f59-4f88-bed4-04fbe8c470e8','4e148709-bf7b-42bc-9e1e-5e3589d0e162','48193390-49b9-4530-b28e-0ce68dafa581',532,'2023-03-23 08:58:30.37425'),
	 ('d14b0007-477a-4d0a-a7c7-d55a597e328d','9a6b19b5-ac64-4325-b528-29edfeff3fdf','6bb87093-f863-4b88-ad82-40213605ac83','6aa85959-235f-4212-b570-0116777002c5',950,'2023-03-23 08:58:30.456386'),
	 ('43fdf39e-06ba-4485-aaf5-b65f9f88fc3f','d24e8432-6e8f-48b7-bd23-aaa953a2a613','933ebe4f-0941-4cd6-8a4c-0228db83fe79','277fd974-4b67-4a2b-b469-c4ecd75651af',688,'2023-03-23 08:58:30.524605'),
	 ('30aed095-75f1-47db-a18f-e33736845abc','f5c0b82a-4d0a-48d1-8b28-5056530387ff','68bcbdf6-bb74-4c5e-8ed6-e372a54dce61','27e72c80-59c7-4a7f-81ac-3c284a70800f',263,'2023-03-23 08:58:30.532753'),
	 ('f3385fc2-de42-49f1-895d-bc6860f0c933','f5c0b82a-4d0a-48d1-8b28-5056530387ff','68bcbdf6-bb74-4c5e-8ed6-e372a54dce61','27e72c80-59c7-4a7f-81ac-3c284a70800f',530,'2023-03-23 08:58:30.535609'),
	 ('69007ce4-85a2-4343-b191-b93518faeb98','f5c0b82a-4d0a-48d1-8b28-5056530387ff','68bcbdf6-bb74-4c5e-8ed6-e372a54dce61','27e72c80-59c7-4a7f-81ac-3c284a70800f',719,'2023-03-23 08:58:30.538544'),
	 ('996fb30c-7e8a-4ad3-b82f-29c059516354','babca6d7-fd4b-4306-b35e-e436786a9a00','2b9dd9a7-eb83-4fcc-a479-4489e0571e06','46e83ef9-ab70-4667-8653-aaf75a80382c',564,'2023-03-23 08:58:30.541506'),
	 ('dcb1a7aa-ee21-44e5-b038-f67a1be3e765','a061f535-6829-4e58-ab93-7b408d2504f3','45974212-1396-44a0-aeaf-d39eb87982ea','03faef4a-f22f-4922-a868-880bf3859aa7',989,'2023-03-23 08:58:30.544731');
INSERT INTO public."transaction" (id,sender_acc_id,receiver_acc_id,currency_id,amount,created_at) VALUES
	 ('acc80168-873f-4f03-92f4-bbd05ca13141','03fe5d44-6571-4037-b7f1-ef0f9adc4f36','191edba1-3504-41d9-9390-6c5f198ff541','b5c5941b-d6ff-4073-8842-a326d29cbae9',50,'2023-04-09 22:39:03.258659'),
	 ('4a6c419c-824d-4331-8e2e-45d242bd19bd','03fe5d44-6571-4037-b7f1-ef0f9adc4f36','191edba1-3504-41d9-9390-6c5f198ff541','b5c5941b-d6ff-4073-8842-a326d29cbae9',100,'2023-04-09 22:39:40.417821'),
	 ('8f9ff82a-cb37-43e1-967c-f9d57416b084','03fe5d44-6571-4037-b7f1-ef0f9adc4f36','431ef22a-72ef-492e-81c1-38a0db98019a','b5c5941b-d6ff-4073-8842-a326d29cbae9',100,'2023-04-09 23:47:21.325422'),
	 ('707d3f48-c8c4-45b1-b19c-0a85cf640841','03fe5d44-6571-4037-b7f1-ef0f9adc4f36','431ef22a-72ef-492e-81c1-38a0db98019a','b5c5941b-d6ff-4073-8842-a326d29cbae9',100,'2023-04-09 23:47:42.439051'),
	 ('2369ddc8-5101-4d71-aae7-7028518e6dc0','431ef22a-72ef-492e-81c1-38a0db98019a','b933fa30-faea-4166-b511-03445264d69d','b5c5941b-d6ff-4073-8842-a326d29cbae9',894,'2023-04-02 17:56:52.469236'),
	 ('255c48bc-1c1e-45be-b7c9-5373c8a18069','e62277b5-3f59-4f88-bed4-04fbe8c470e8','4e148709-bf7b-42bc-9e1e-5e3589d0e162','48193390-49b9-4530-b28e-0ce68dafa581',307,'2023-04-02 17:56:52.481734'),
	 ('b48cd631-d99f-435a-91b8-d527533e3835','b6403bf6-e60a-46f5-88d3-74b04f6f6eff','b9cbd7a9-7f54-4ef3-ba53-69204bed16ae','e07fd634-d7ee-4cb1-a838-70ef3aebb254',243,'2023-04-02 17:56:52.484684'),
	 ('3bfc7217-677c-4933-849d-6505903afa10','e228ec47-027f-497a-b497-44b959434e77','68db587f-a1f9-42e5-8c99-cb2fa477b944','9ad0c93c-7e06-4695-b718-ff25fc1d268c',290,'2023-04-02 17:56:52.489149'),
	 ('84ab8233-4a64-4b6a-8bfc-93058cb3b0ec','f5c0b82a-4d0a-48d1-8b28-5056530387ff','c3c43a6f-48e3-4f88-87a1-764ab1e13353','27e72c80-59c7-4a7f-81ac-3c284a70800f',774,'2023-04-02 17:56:52.49248'),
	 ('dc4199ce-6a94-40e5-abca-ef9e89a62ab8','f5c0b82a-4d0a-48d1-8b28-5056530387ff','c3c43a6f-48e3-4f88-87a1-764ab1e13353','27e72c80-59c7-4a7f-81ac-3c284a70800f',361,'2023-04-02 17:56:52.496095');
INSERT INTO public."transaction" (id,sender_acc_id,receiver_acc_id,currency_id,amount,created_at) VALUES
	 ('6de3b6c9-fc3e-4e97-93bf-05b2775693bb','babca6d7-fd4b-4306-b35e-e436786a9a00','2b9dd9a7-eb83-4fcc-a479-4489e0571e06','46e83ef9-ab70-4667-8653-aaf75a80382c',635,'2023-04-02 17:56:52.499522'),
	 ('6942d81f-9e0e-44dc-b637-9d29473d17c8','9a6b19b5-ac64-4325-b528-29edfeff3fdf','4dae5b7a-90a7-478b-953d-5ffba7d190a0','6aa85959-235f-4212-b570-0116777002c5',609,'2023-04-02 17:56:52.502165'),
	 ('ff145c61-ca4d-46f5-a158-232912778cfa','b6403bf6-e60a-46f5-88d3-74b04f6f6eff','b9cbd7a9-7f54-4ef3-ba53-69204bed16ae','e07fd634-d7ee-4cb1-a838-70ef3aebb254',799,'2023-04-02 17:56:52.504739'),
	 ('df427944-5f56-41d6-a55d-801d7ffe0faf','e228ec47-027f-497a-b497-44b959434e77','68db587f-a1f9-42e5-8c99-cb2fa477b944','9ad0c93c-7e06-4695-b718-ff25fc1d268c',707,'2023-04-02 17:56:52.507842'),
	 ('9837858c-e0a0-4c5a-b52a-96e6786dfbcf','431ef22a-72ef-492e-81c1-38a0db98019a','b933fa30-faea-4166-b511-03445264d69d','b5c5941b-d6ff-4073-8842-a326d29cbae9',753,'2023-04-02 17:56:52.510608'),
	 ('35ecd4d0-7e89-42e4-8a5d-fc07ab134070','f5c0b82a-4d0a-48d1-8b28-5056530387ff','c3c43a6f-48e3-4f88-87a1-764ab1e13353','27e72c80-59c7-4a7f-81ac-3c284a70800f',306,'2023-04-02 17:56:52.513463'),
	 ('7b6e4bd5-62f1-4e38-8603-795cd457a30f','9a6b19b5-ac64-4325-b528-29edfeff3fdf','4dae5b7a-90a7-478b-953d-5ffba7d190a0','6aa85959-235f-4212-b570-0116777002c5',681,'2023-04-02 17:56:52.516291'),
	 ('a6506707-4670-4e4e-8cea-9df4433104d6','431ef22a-72ef-492e-81c1-38a0db98019a','b933fa30-faea-4166-b511-03445264d69d','b5c5941b-d6ff-4073-8842-a326d29cbae9',448,'2023-04-02 17:56:52.519109'),
	 ('8054c755-7c71-4522-b213-b478bf4cfb54','babca6d7-fd4b-4306-b35e-e436786a9a00','2b9dd9a7-eb83-4fcc-a479-4489e0571e06','46e83ef9-ab70-4667-8653-aaf75a80382c',566,'2023-04-02 17:56:52.521851'),
	 ('0b1ed581-5747-4ea0-95e2-e39b670f7930','f5c0b82a-4d0a-48d1-8b28-5056530387ff','c3c43a6f-48e3-4f88-87a1-764ab1e13353','27e72c80-59c7-4a7f-81ac-3c284a70800f',928,'2023-04-02 17:56:52.524986');
INSERT INTO public."transaction" (id,sender_acc_id,receiver_acc_id,currency_id,amount,created_at) VALUES
	 ('88b6d479-e96f-4b88-bf85-e77141ddb859','3f181412-7018-486b-a656-9d8e81dff613','52c40aa1-9e8b-423a-872f-906d2c7af971','b040f023-6933-4503-81a8-b1866f9d6317',544,'2023-04-02 17:56:52.52762'),
	 ('8ad25c5e-8087-49d2-b8a1-b5f9e80b9b27','f5c0b82a-4d0a-48d1-8b28-5056530387ff','c3c43a6f-48e3-4f88-87a1-764ab1e13353','27e72c80-59c7-4a7f-81ac-3c284a70800f',726,'2023-04-02 17:56:52.530169'),
	 ('0a3c65d9-2a0f-48e0-97c2-395109404209','431ef22a-72ef-492e-81c1-38a0db98019a','b933fa30-faea-4166-b511-03445264d69d','b5c5941b-d6ff-4073-8842-a326d29cbae9',705,'2023-04-02 17:56:52.533742'),
	 ('3c8714cf-9258-47f7-aba4-2b2b0588ebf6','3f181412-7018-486b-a656-9d8e81dff613','52c40aa1-9e8b-423a-872f-906d2c7af971','b040f023-6933-4503-81a8-b1866f9d6317',869,'2023-04-02 17:56:52.536499'),
	 ('dd84eff5-3f7f-4e4f-8b2c-e5f028722c5c','9a6b19b5-ac64-4325-b528-29edfeff3fdf','4dae5b7a-90a7-478b-953d-5ffba7d190a0','6aa85959-235f-4212-b570-0116777002c5',356,'2023-04-02 17:56:52.539013'),
	 ('57177c7b-88c0-4903-9e25-033c629bfa7e','b6403bf6-e60a-46f5-88d3-74b04f6f6eff','b9cbd7a9-7f54-4ef3-ba53-69204bed16ae','e07fd634-d7ee-4cb1-a838-70ef3aebb254',436,'2023-04-02 17:56:52.541854'),
	 ('b71cf24e-8605-415c-87ab-d62199a89935','a061f535-6829-4e58-ab93-7b408d2504f3','d8372d6d-80e4-4b3b-8a5b-a2c316573208','03faef4a-f22f-4922-a868-880bf3859aa7',446,'2023-04-02 17:56:52.544555'),
	 ('3fc5f938-b632-4a37-b36c-93d2da5966b5','a061f535-6829-4e58-ab93-7b408d2504f3','d8372d6d-80e4-4b3b-8a5b-a2c316573208','03faef4a-f22f-4922-a868-880bf3859aa7',805,'2023-04-02 17:56:52.547017'),
	 ('b669cd92-3c4c-4eb7-b08f-8fb9741fc36c','431ef22a-72ef-492e-81c1-38a0db98019a','b933fa30-faea-4166-b511-03445264d69d','b5c5941b-d6ff-4073-8842-a326d29cbae9',709,'2023-04-02 17:56:52.549512'),
	 ('ce1725a7-fd5e-44b7-afb2-9d7fa9f53de2','7f1d6ef3-5e89-4fc6-8b76-7d42f9e0bd9d','4abbf459-2a88-42c4-8905-6b68a3d4c91a','277fd974-4b67-4a2b-b469-c4ecd75651af',766,'2023-04-02 17:56:52.552527');
INSERT INTO public."transaction" (id,sender_acc_id,receiver_acc_id,currency_id,amount,created_at) VALUES
	 ('11bae19c-0963-444e-a0ce-6558afb2968a','babca6d7-fd4b-4306-b35e-e436786a9a00','2b9dd9a7-eb83-4fcc-a479-4489e0571e06','46e83ef9-ab70-4667-8653-aaf75a80382c',861,'2023-04-02 17:56:52.555323'),
	 ('5ac199b7-a344-4a43-b79f-f9d7abe5f7e8','431ef22a-72ef-492e-81c1-38a0db98019a','b933fa30-faea-4166-b511-03445264d69d','b5c5941b-d6ff-4073-8842-a326d29cbae9',927,'2023-04-02 17:56:52.557991'),
	 ('c14d1726-567e-4e5a-8ad0-0623ae980810','a061f535-6829-4e58-ab93-7b408d2504f3','d8372d6d-80e4-4b3b-8a5b-a2c316573208','03faef4a-f22f-4922-a868-880bf3859aa7',200,'2023-04-02 17:56:52.56105'),
	 ('4dc9f1eb-acc0-47d7-bc30-f13d554dae2b','3f181412-7018-486b-a656-9d8e81dff613','52c40aa1-9e8b-423a-872f-906d2c7af971','b040f023-6933-4503-81a8-b1866f9d6317',554,'2023-04-02 17:56:52.563726'),
	 ('1d6b4a7d-24f4-4262-a136-85bdf2284b0a','431ef22a-72ef-492e-81c1-38a0db98019a','b933fa30-faea-4166-b511-03445264d69d','b5c5941b-d6ff-4073-8842-a326d29cbae9',464,'2023-04-02 17:56:52.566256'),
	 ('895e40cb-4995-4d14-904d-7fb7d9386c95','e62277b5-3f59-4f88-bed4-04fbe8c470e8','4e148709-bf7b-42bc-9e1e-5e3589d0e162','48193390-49b9-4530-b28e-0ce68dafa581',524,'2023-04-02 17:56:52.569373'),
	 ('e7cf595a-c502-4312-ad5e-75aa359327fb','9a6b19b5-ac64-4325-b528-29edfeff3fdf','4dae5b7a-90a7-478b-953d-5ffba7d190a0','6aa85959-235f-4212-b570-0116777002c5',851,'2023-04-02 17:56:52.572205'),
	 ('06a5fc9e-0140-469b-b30d-ab1b80714d53','9a6b19b5-ac64-4325-b528-29edfeff3fdf','4dae5b7a-90a7-478b-953d-5ffba7d190a0','6aa85959-235f-4212-b570-0116777002c5',377,'2023-04-02 17:56:52.574773'),
	 ('72d842cf-9d30-4968-8d9f-c6822e0460f9','431ef22a-72ef-492e-81c1-38a0db98019a','b933fa30-faea-4166-b511-03445264d69d','b5c5941b-d6ff-4073-8842-a326d29cbae9',366,'2023-04-02 17:56:52.57798'),
	 ('2606e6fb-c68b-4038-b26a-f88f0e114eec','7f1d6ef3-5e89-4fc6-8b76-7d42f9e0bd9d','4abbf459-2a88-42c4-8905-6b68a3d4c91a','277fd974-4b67-4a2b-b469-c4ecd75651af',906,'2023-04-02 17:56:52.580323');
INSERT INTO public."transaction" (id,sender_acc_id,receiver_acc_id,currency_id,amount,created_at) VALUES
	 ('eb687b98-63d0-4f64-b416-f20492c9ecfb','a061f535-6829-4e58-ab93-7b408d2504f3','d8372d6d-80e4-4b3b-8a5b-a2c316573208','03faef4a-f22f-4922-a868-880bf3859aa7',326,'2023-04-02 17:56:52.582645'),
	 ('d7ffd757-5e5a-4538-83c7-a0bc139702e4','b6403bf6-e60a-46f5-88d3-74b04f6f6eff','b9cbd7a9-7f54-4ef3-ba53-69204bed16ae','e07fd634-d7ee-4cb1-a838-70ef3aebb254',892,'2023-04-02 17:56:52.585387'),
	 ('e1342b31-565b-41cd-a1c9-b4c98ee96e10','babca6d7-fd4b-4306-b35e-e436786a9a00','2b9dd9a7-eb83-4fcc-a479-4489e0571e06','46e83ef9-ab70-4667-8653-aaf75a80382c',415,'2023-04-02 17:56:52.587868'),
	 ('d15e582a-00ef-4253-9301-3955d6c49a3d','e228ec47-027f-497a-b497-44b959434e77','68db587f-a1f9-42e5-8c99-cb2fa477b944','9ad0c93c-7e06-4695-b718-ff25fc1d268c',368,'2023-04-02 17:56:52.590437'),
	 ('72328b6a-2cc6-4067-a048-cd653523d08d','9a6b19b5-ac64-4325-b528-29edfeff3fdf','4dae5b7a-90a7-478b-953d-5ffba7d190a0','6aa85959-235f-4212-b570-0116777002c5',492,'2023-04-02 17:56:52.592771'),
	 ('151664fe-c0d6-4090-a5ed-179ad8a5944f','431ef22a-72ef-492e-81c1-38a0db98019a','b933fa30-faea-4166-b511-03445264d69d','b5c5941b-d6ff-4073-8842-a326d29cbae9',668,'2023-04-02 17:56:52.595142'),
	 ('cab0e9ee-2529-42c1-a10c-6b549c71b42a','f5c0b82a-4d0a-48d1-8b28-5056530387ff','c3c43a6f-48e3-4f88-87a1-764ab1e13353','27e72c80-59c7-4a7f-81ac-3c284a70800f',795,'2023-04-02 17:56:52.597504'),
	 ('d852f3b9-87fe-435a-a474-1820315822b9','b6403bf6-e60a-46f5-88d3-74b04f6f6eff','b9cbd7a9-7f54-4ef3-ba53-69204bed16ae','e07fd634-d7ee-4cb1-a838-70ef3aebb254',234,'2023-04-02 17:56:52.599591'),
	 ('5e2e9992-862d-475e-92e2-b0bfd333fd72','b6403bf6-e60a-46f5-88d3-74b04f6f6eff','b9cbd7a9-7f54-4ef3-ba53-69204bed16ae','e07fd634-d7ee-4cb1-a838-70ef3aebb254',763,'2023-04-02 17:56:52.601898'),
	 ('5dc74200-d98c-4bbc-8087-346bfea5c0af','e62277b5-3f59-4f88-bed4-04fbe8c470e8','4e148709-bf7b-42bc-9e1e-5e3589d0e162','48193390-49b9-4530-b28e-0ce68dafa581',716,'2023-04-02 17:56:52.604239');
INSERT INTO public."transaction" (id,sender_acc_id,receiver_acc_id,currency_id,amount,created_at) VALUES
	 ('c7dea25d-d686-4446-999d-32048f0986ef','e62277b5-3f59-4f88-bed4-04fbe8c470e8','4e148709-bf7b-42bc-9e1e-5e3589d0e162','48193390-49b9-4530-b28e-0ce68dafa581',525,'2023-04-02 17:56:52.606752'),
	 ('8fbae434-08ce-48cc-bda4-f8b948272f03','431ef22a-72ef-492e-81c1-38a0db98019a','b933fa30-faea-4166-b511-03445264d69d','b5c5941b-d6ff-4073-8842-a326d29cbae9',916,'2023-04-02 17:56:52.609345'),
	 ('593a63d8-3fb1-4d1b-ac90-61db15a4b7c3','e228ec47-027f-497a-b497-44b959434e77','68db587f-a1f9-42e5-8c99-cb2fa477b944','9ad0c93c-7e06-4695-b718-ff25fc1d268c',775,'2023-04-02 17:56:52.611407'),
	 ('163717a8-23b5-4d26-92a0-ae10a586f53f','e62277b5-3f59-4f88-bed4-04fbe8c470e8','4e148709-bf7b-42bc-9e1e-5e3589d0e162','48193390-49b9-4530-b28e-0ce68dafa581',726,'2023-04-02 17:56:52.61346'),
	 ('28be6d58-c9ac-4843-88d6-d75894b46baa','b6403bf6-e60a-46f5-88d3-74b04f6f6eff','b9cbd7a9-7f54-4ef3-ba53-69204bed16ae','e07fd634-d7ee-4cb1-a838-70ef3aebb254',931,'2023-04-02 17:56:52.61563'),
	 ('92300658-b1ec-468e-a6df-11e8c8d7d000','babca6d7-fd4b-4306-b35e-e436786a9a00','2b9dd9a7-eb83-4fcc-a479-4489e0571e06','46e83ef9-ab70-4667-8653-aaf75a80382c',630,'2023-04-02 17:56:52.618968'),
	 ('04e95c9d-e94e-458c-b630-8d7910b43843','b6403bf6-e60a-46f5-88d3-74b04f6f6eff','b9cbd7a9-7f54-4ef3-ba53-69204bed16ae','e07fd634-d7ee-4cb1-a838-70ef3aebb254',502,'2023-04-02 17:56:52.621295'),
	 ('9f354cb2-c1f1-4b1b-9990-e37a9b890e8c','3f181412-7018-486b-a656-9d8e81dff613','52c40aa1-9e8b-423a-872f-906d2c7af971','b040f023-6933-4503-81a8-b1866f9d6317',840,'2023-04-02 17:56:52.623539'),
	 ('2a2d1e16-6193-4977-b083-f2260af71160','b6403bf6-e60a-46f5-88d3-74b04f6f6eff','b9cbd7a9-7f54-4ef3-ba53-69204bed16ae','e07fd634-d7ee-4cb1-a838-70ef3aebb254',738,'2023-04-02 17:56:52.625988'),
	 ('29dc3009-b8f5-4c97-93ae-af0570c3ff2b','a061f535-6829-4e58-ab93-7b408d2504f3','d8372d6d-80e4-4b3b-8a5b-a2c316573208','03faef4a-f22f-4922-a868-880bf3859aa7',994,'2023-04-02 17:56:52.628137');
INSERT INTO public."transaction" (id,sender_acc_id,receiver_acc_id,currency_id,amount,created_at) VALUES
	 ('369f4b2f-467c-4a75-90d7-e38df6549335','f5c0b82a-4d0a-48d1-8b28-5056530387ff','c3c43a6f-48e3-4f88-87a1-764ab1e13353','27e72c80-59c7-4a7f-81ac-3c284a70800f',576,'2023-04-02 17:56:52.630197'),
	 ('da909d16-4c9d-43b9-a9e8-f5de54b82416','b6403bf6-e60a-46f5-88d3-74b04f6f6eff','b9cbd7a9-7f54-4ef3-ba53-69204bed16ae','e07fd634-d7ee-4cb1-a838-70ef3aebb254',675,'2023-04-02 17:56:52.632315'),
	 ('da600048-1ff7-4431-a4c0-9d5dd7bf4c6b','9a6b19b5-ac64-4325-b528-29edfeff3fdf','4dae5b7a-90a7-478b-953d-5ffba7d190a0','6aa85959-235f-4212-b570-0116777002c5',727,'2023-04-02 17:56:52.634509'),
	 ('0fbbc83e-a197-4273-b289-2d4af6190e3e','b6403bf6-e60a-46f5-88d3-74b04f6f6eff','b9cbd7a9-7f54-4ef3-ba53-69204bed16ae','e07fd634-d7ee-4cb1-a838-70ef3aebb254',303,'2023-04-02 17:56:52.636512'),
	 ('261229fc-4cf5-4bbc-ba9a-2f46f1bd27f4','f5c0b82a-4d0a-48d1-8b28-5056530387ff','c3c43a6f-48e3-4f88-87a1-764ab1e13353','27e72c80-59c7-4a7f-81ac-3c284a70800f',680,'2023-04-02 17:56:52.638885'),
	 ('004fb7d1-ea49-4017-979d-44d89a21ff2c','b6403bf6-e60a-46f5-88d3-74b04f6f6eff','b9cbd7a9-7f54-4ef3-ba53-69204bed16ae','e07fd634-d7ee-4cb1-a838-70ef3aebb254',555,'2023-04-02 17:56:52.6413'),
	 ('73e54e7b-b191-42a6-99ca-5494ee6944fe','7f1d6ef3-5e89-4fc6-8b76-7d42f9e0bd9d','4abbf459-2a88-42c4-8905-6b68a3d4c91a','277fd974-4b67-4a2b-b469-c4ecd75651af',432,'2023-04-02 17:56:52.643442'),
	 ('0eea94dd-a609-48e6-b575-b169abb1b4f3','a061f535-6829-4e58-ab93-7b408d2504f3','d8372d6d-80e4-4b3b-8a5b-a2c316573208','03faef4a-f22f-4922-a868-880bf3859aa7',496,'2023-04-02 17:56:52.645901'),
	 ('40adb36f-3106-406d-a2fe-b6b238770bfd','431ef22a-72ef-492e-81c1-38a0db98019a','b933fa30-faea-4166-b511-03445264d69d','b5c5941b-d6ff-4073-8842-a326d29cbae9',867,'2023-04-02 17:56:52.647953'),
	 ('8e34aaa0-64e2-47f3-8faa-efc6175799b5','b6403bf6-e60a-46f5-88d3-74b04f6f6eff','b9cbd7a9-7f54-4ef3-ba53-69204bed16ae','e07fd634-d7ee-4cb1-a838-70ef3aebb254',944,'2023-04-02 17:56:52.656789');
INSERT INTO public."transaction" (id,sender_acc_id,receiver_acc_id,currency_id,amount,created_at) VALUES
	 ('b641c674-691b-40c3-8e8c-977cbc9e0732','babca6d7-fd4b-4306-b35e-e436786a9a00','2b9dd9a7-eb83-4fcc-a479-4489e0571e06','46e83ef9-ab70-4667-8653-aaf75a80382c',756,'2023-04-02 17:56:52.659382'),
	 ('000f8c90-ca83-4553-a820-1c91b72bd6b6','e62277b5-3f59-4f88-bed4-04fbe8c470e8','4e148709-bf7b-42bc-9e1e-5e3589d0e162','48193390-49b9-4530-b28e-0ce68dafa581',774,'2023-04-02 17:56:52.663582'),
	 ('5c59e548-e899-47c9-b5f3-833d2b34e918','a061f535-6829-4e58-ab93-7b408d2504f3','d8372d6d-80e4-4b3b-8a5b-a2c316573208','03faef4a-f22f-4922-a868-880bf3859aa7',499,'2023-04-02 17:56:52.66641'),
	 ('1f806c65-2400-4c00-b745-e174244a550d','3f181412-7018-486b-a656-9d8e81dff613','52c40aa1-9e8b-423a-872f-906d2c7af971','b040f023-6933-4503-81a8-b1866f9d6317',982,'2023-04-02 17:56:52.668896'),
	 ('1ba64a7d-1cb5-4fd2-b414-c5d87aa03c25','f5c0b82a-4d0a-48d1-8b28-5056530387ff','c3c43a6f-48e3-4f88-87a1-764ab1e13353','27e72c80-59c7-4a7f-81ac-3c284a70800f',516,'2023-04-02 17:56:52.671964'),
	 ('c238d6ad-0542-4f4c-9faf-7b5e5f5fe6e0','3f181412-7018-486b-a656-9d8e81dff613','52c40aa1-9e8b-423a-872f-906d2c7af971','b040f023-6933-4503-81a8-b1866f9d6317',942,'2023-04-02 17:56:52.674809'),
	 ('4d2c5ec8-7e48-44fd-96b4-f9bdcb39b9c3','3f181412-7018-486b-a656-9d8e81dff613','52c40aa1-9e8b-423a-872f-906d2c7af971','b040f023-6933-4503-81a8-b1866f9d6317',428,'2023-04-02 17:56:52.677531'),
	 ('6ff014df-eb85-42ca-9cde-6076333f46ff','f5c0b82a-4d0a-48d1-8b28-5056530387ff','c3c43a6f-48e3-4f88-87a1-764ab1e13353','27e72c80-59c7-4a7f-81ac-3c284a70800f',457,'2023-04-02 17:56:52.680436'),
	 ('4515fa7e-7cdc-4c79-8dde-d57222ca5095','7f1d6ef3-5e89-4fc6-8b76-7d42f9e0bd9d','4abbf459-2a88-42c4-8905-6b68a3d4c91a','277fd974-4b67-4a2b-b469-c4ecd75651af',779,'2023-04-02 17:56:52.682969'),
	 ('f6c82767-85c9-4092-89f0-25afec2e57a6','9a6b19b5-ac64-4325-b528-29edfeff3fdf','4dae5b7a-90a7-478b-953d-5ffba7d190a0','6aa85959-235f-4212-b570-0116777002c5',752,'2023-04-02 17:56:52.685914');
INSERT INTO public."transaction" (id,sender_acc_id,receiver_acc_id,currency_id,amount,created_at) VALUES
	 ('60e28f69-6a34-402c-9230-cf476624872a','e228ec47-027f-497a-b497-44b959434e77','68db587f-a1f9-42e5-8c99-cb2fa477b944','9ad0c93c-7e06-4695-b718-ff25fc1d268c',439,'2023-04-02 17:56:52.68899'),
	 ('b3ab7896-8082-4b57-84a7-f21ec2f0dc6c','a061f535-6829-4e58-ab93-7b408d2504f3','d8372d6d-80e4-4b3b-8a5b-a2c316573208','03faef4a-f22f-4922-a868-880bf3859aa7',261,'2023-04-02 17:56:52.692145'),
	 ('4c043c45-0542-4bfc-985d-bf775d106b12','3f181412-7018-486b-a656-9d8e81dff613','52c40aa1-9e8b-423a-872f-906d2c7af971','b040f023-6933-4503-81a8-b1866f9d6317',466,'2023-04-02 17:56:52.694977'),
	 ('a2580618-5ccc-44ea-9ca1-c1519bde0465','a061f535-6829-4e58-ab93-7b408d2504f3','d8372d6d-80e4-4b3b-8a5b-a2c316573208','03faef4a-f22f-4922-a868-880bf3859aa7',566,'2023-04-02 17:56:52.698058'),
	 ('d85a1be4-bd41-4325-9cea-35dabfc8a4fc','b6403bf6-e60a-46f5-88d3-74b04f6f6eff','b9cbd7a9-7f54-4ef3-ba53-69204bed16ae','e07fd634-d7ee-4cb1-a838-70ef3aebb254',686,'2023-04-03 17:15:56.590078'),
	 ('e6654e60-6f63-484c-ba76-f8f3f1fbcd26','babca6d7-fd4b-4306-b35e-e436786a9a00','2b9dd9a7-eb83-4fcc-a479-4489e0571e06','46e83ef9-ab70-4667-8653-aaf75a80382c',319,'2023-04-03 17:15:56.596082'),
	 ('ab7fa941-3bb7-4284-b603-03628abd85f6','e62277b5-3f59-4f88-bed4-04fbe8c470e8','4e148709-bf7b-42bc-9e1e-5e3589d0e162','48193390-49b9-4530-b28e-0ce68dafa581',663,'2023-04-03 17:15:56.600545'),
	 ('98dfcfcf-7ae2-421c-b4d4-c259214567f5','e62277b5-3f59-4f88-bed4-04fbe8c470e8','4e148709-bf7b-42bc-9e1e-5e3589d0e162','48193390-49b9-4530-b28e-0ce68dafa581',702,'2023-04-03 17:15:56.603806'),
	 ('bba09be2-8c97-4f56-967a-b78de5aff043','b6403bf6-e60a-46f5-88d3-74b04f6f6eff','b9cbd7a9-7f54-4ef3-ba53-69204bed16ae','e07fd634-d7ee-4cb1-a838-70ef3aebb254',452,'2023-04-03 17:15:56.60675'),
	 ('dddb065b-3820-4bad-93a0-313df60cf2ce','7f1d6ef3-5e89-4fc6-8b76-7d42f9e0bd9d','4abbf459-2a88-42c4-8905-6b68a3d4c91a','277fd974-4b67-4a2b-b469-c4ecd75651af',565,'2023-04-03 17:15:56.611188');
INSERT INTO public."transaction" (id,sender_acc_id,receiver_acc_id,currency_id,amount,created_at) VALUES
	 ('7ba06ffd-e792-4572-87d8-7172c50e94ac','431ef22a-72ef-492e-81c1-38a0db98019a','b933fa30-faea-4166-b511-03445264d69d','b5c5941b-d6ff-4073-8842-a326d29cbae9',653,'2023-04-03 17:15:56.614201'),
	 ('541e1f9d-8347-464b-9d18-5eff1c952fbd','3f181412-7018-486b-a656-9d8e81dff613','52c40aa1-9e8b-423a-872f-906d2c7af971','b040f023-6933-4503-81a8-b1866f9d6317',953,'2023-04-03 17:15:56.617252'),
	 ('c4f35967-9ed6-43dd-95c9-a51a0cff828d','3f181412-7018-486b-a656-9d8e81dff613','52c40aa1-9e8b-423a-872f-906d2c7af971','b040f023-6933-4503-81a8-b1866f9d6317',783,'2023-04-03 17:15:56.620037'),
	 ('559ea1e6-e45d-4a45-b479-62a4af8c5a02','431ef22a-72ef-492e-81c1-38a0db98019a','b933fa30-faea-4166-b511-03445264d69d','b5c5941b-d6ff-4073-8842-a326d29cbae9',627,'2023-04-03 17:15:56.623371'),
	 ('44e17376-41d3-41d1-9579-107d467a9973','431ef22a-72ef-492e-81c1-38a0db98019a','b933fa30-faea-4166-b511-03445264d69d','b5c5941b-d6ff-4073-8842-a326d29cbae9',744,'2023-04-03 17:15:56.62649'),
	 ('df05fb0d-ee64-477e-aaef-76ceb756c317','a061f535-6829-4e58-ab93-7b408d2504f3','d8372d6d-80e4-4b3b-8a5b-a2c316573208','03faef4a-f22f-4922-a868-880bf3859aa7',494,'2023-04-03 17:15:56.629535'),
	 ('3e9cadcc-708e-4101-9c7b-551174c75228','e228ec47-027f-497a-b497-44b959434e77','68db587f-a1f9-42e5-8c99-cb2fa477b944','9ad0c93c-7e06-4695-b718-ff25fc1d268c',325,'2023-04-03 17:15:56.632314'),
	 ('bf3c9471-3591-4875-b382-8a019ac79a28','3f181412-7018-486b-a656-9d8e81dff613','52c40aa1-9e8b-423a-872f-906d2c7af971','b040f023-6933-4503-81a8-b1866f9d6317',879,'2023-04-03 17:15:56.635721'),
	 ('58589014-8be1-4632-bf8b-3f1952a8d939','a061f535-6829-4e58-ab93-7b408d2504f3','d8372d6d-80e4-4b3b-8a5b-a2c316573208','03faef4a-f22f-4922-a868-880bf3859aa7',790,'2023-04-03 17:15:56.63882'),
	 ('d7da79e6-a3af-4fce-8369-020a9c8bbb6a','babca6d7-fd4b-4306-b35e-e436786a9a00','2b9dd9a7-eb83-4fcc-a479-4489e0571e06','46e83ef9-ab70-4667-8653-aaf75a80382c',285,'2023-04-03 17:15:56.64525');
INSERT INTO public."transaction" (id,sender_acc_id,receiver_acc_id,currency_id,amount,created_at) VALUES
	 ('14d84b2d-25db-4249-8766-2c1c9a317972','3f181412-7018-486b-a656-9d8e81dff613','52c40aa1-9e8b-423a-872f-906d2c7af971','b040f023-6933-4503-81a8-b1866f9d6317',852,'2023-04-03 17:15:56.648264'),
	 ('8b1026df-97f4-4428-81dd-b1178ee16381','e62277b5-3f59-4f88-bed4-04fbe8c470e8','4e148709-bf7b-42bc-9e1e-5e3589d0e162','48193390-49b9-4530-b28e-0ce68dafa581',317,'2023-04-03 17:15:56.652686'),
	 ('15cf58a1-04f4-420b-a757-07721af356dc','b6403bf6-e60a-46f5-88d3-74b04f6f6eff','b9cbd7a9-7f54-4ef3-ba53-69204bed16ae','e07fd634-d7ee-4cb1-a838-70ef3aebb254',271,'2023-04-03 17:15:56.656133'),
	 ('e41d0e0f-561b-4058-81e5-250a7ea80464','431ef22a-72ef-492e-81c1-38a0db98019a','b933fa30-faea-4166-b511-03445264d69d','b5c5941b-d6ff-4073-8842-a326d29cbae9',939,'2023-04-03 17:15:56.660299'),
	 ('c99efb9d-5700-4717-a408-64f2f1bf8a19','a061f535-6829-4e58-ab93-7b408d2504f3','d8372d6d-80e4-4b3b-8a5b-a2c316573208','03faef4a-f22f-4922-a868-880bf3859aa7',303,'2023-04-03 17:15:56.663407'),
	 ('18ea933b-2b0e-4913-b456-d22cc5fd534e','f5c0b82a-4d0a-48d1-8b28-5056530387ff','c3c43a6f-48e3-4f88-87a1-764ab1e13353','27e72c80-59c7-4a7f-81ac-3c284a70800f',340,'2023-04-03 17:15:56.666303'),
	 ('2ccf23af-3ad2-45cc-9d40-7df5c40c9431','9a6b19b5-ac64-4325-b528-29edfeff3fdf','4dae5b7a-90a7-478b-953d-5ffba7d190a0','6aa85959-235f-4212-b570-0116777002c5',360,'2023-04-03 17:15:56.669374'),
	 ('c2e94407-7a1b-429b-a177-f3818c85e913','b6403bf6-e60a-46f5-88d3-74b04f6f6eff','b9cbd7a9-7f54-4ef3-ba53-69204bed16ae','e07fd634-d7ee-4cb1-a838-70ef3aebb254',222,'2023-04-03 17:15:56.672503'),
	 ('556512b3-bb71-4f1c-bb7f-7513409dbc0a','b6403bf6-e60a-46f5-88d3-74b04f6f6eff','b9cbd7a9-7f54-4ef3-ba53-69204bed16ae','e07fd634-d7ee-4cb1-a838-70ef3aebb254',851,'2023-04-03 17:15:56.676864'),
	 ('7786aef3-8b2a-445e-81f5-3428f913c838','f5c0b82a-4d0a-48d1-8b28-5056530387ff','c3c43a6f-48e3-4f88-87a1-764ab1e13353','27e72c80-59c7-4a7f-81ac-3c284a70800f',215,'2023-04-03 17:15:56.679938');
INSERT INTO public."transaction" (id,sender_acc_id,receiver_acc_id,currency_id,amount,created_at) VALUES
	 ('1b69310e-c0de-47f4-9c6f-34fedd47920f','f5c0b82a-4d0a-48d1-8b28-5056530387ff','c3c43a6f-48e3-4f88-87a1-764ab1e13353','27e72c80-59c7-4a7f-81ac-3c284a70800f',658,'2023-04-03 17:15:56.683331'),
	 ('397f1160-5f60-4416-ae74-bc0de8aab963','431ef22a-72ef-492e-81c1-38a0db98019a','b933fa30-faea-4166-b511-03445264d69d','b5c5941b-d6ff-4073-8842-a326d29cbae9',425,'2023-04-03 17:15:56.686444'),
	 ('4b04579b-71db-494c-8bfe-4211cc397d01','babca6d7-fd4b-4306-b35e-e436786a9a00','2b9dd9a7-eb83-4fcc-a479-4489e0571e06','46e83ef9-ab70-4667-8653-aaf75a80382c',970,'2023-04-03 17:15:56.690406'),
	 ('9912fdeb-9674-4d6f-9676-ff36993a375f','e228ec47-027f-497a-b497-44b959434e77','68db587f-a1f9-42e5-8c99-cb2fa477b944','9ad0c93c-7e06-4695-b718-ff25fc1d268c',968,'2023-04-03 17:15:56.694213'),
	 ('fbdb6512-e3f5-413b-ab62-793972278f13','3f181412-7018-486b-a656-9d8e81dff613','52c40aa1-9e8b-423a-872f-906d2c7af971','b040f023-6933-4503-81a8-b1866f9d6317',636,'2023-04-03 17:15:56.697054'),
	 ('6b7ba19f-da30-473e-87de-293fa6714984','431ef22a-72ef-492e-81c1-38a0db98019a','b933fa30-faea-4166-b511-03445264d69d','b5c5941b-d6ff-4073-8842-a326d29cbae9',814,'2023-04-03 17:15:56.700369'),
	 ('fa589863-eb91-48b5-8146-1ae4dd447eac','b6403bf6-e60a-46f5-88d3-74b04f6f6eff','b9cbd7a9-7f54-4ef3-ba53-69204bed16ae','e07fd634-d7ee-4cb1-a838-70ef3aebb254',485,'2023-04-03 17:15:56.703456'),
	 ('dc1fa93d-d874-4083-b683-a88241cce195','7f1d6ef3-5e89-4fc6-8b76-7d42f9e0bd9d','4abbf459-2a88-42c4-8905-6b68a3d4c91a','277fd974-4b67-4a2b-b469-c4ecd75651af',400,'2023-04-03 17:15:56.705944'),
	 ('4564c17d-aa6d-4935-a2ec-85cbc6ddbfdc','7f1d6ef3-5e89-4fc6-8b76-7d42f9e0bd9d','4abbf459-2a88-42c4-8905-6b68a3d4c91a','277fd974-4b67-4a2b-b469-c4ecd75651af',556,'2023-04-03 17:15:56.708323'),
	 ('cd91d281-1c7a-4a92-9b91-e17baf123c94','b6403bf6-e60a-46f5-88d3-74b04f6f6eff','b9cbd7a9-7f54-4ef3-ba53-69204bed16ae','e07fd634-d7ee-4cb1-a838-70ef3aebb254',498,'2023-04-03 17:15:56.710976');
INSERT INTO public."transaction" (id,sender_acc_id,receiver_acc_id,currency_id,amount,created_at) VALUES
	 ('200598aa-16e0-4a25-9b9f-439f566bc8a8','9a6b19b5-ac64-4325-b528-29edfeff3fdf','4dae5b7a-90a7-478b-953d-5ffba7d190a0','6aa85959-235f-4212-b570-0116777002c5',272,'2023-04-03 17:15:56.713502'),
	 ('627cfb5f-4c50-45e7-8291-71592d3a7e1d','7f1d6ef3-5e89-4fc6-8b76-7d42f9e0bd9d','4abbf459-2a88-42c4-8905-6b68a3d4c91a','277fd974-4b67-4a2b-b469-c4ecd75651af',809,'2023-04-03 17:15:56.716163'),
	 ('5f0811e7-b748-45bc-b06e-bffbaa24ff0d','3f181412-7018-486b-a656-9d8e81dff613','52c40aa1-9e8b-423a-872f-906d2c7af971','b040f023-6933-4503-81a8-b1866f9d6317',285,'2023-04-03 17:15:56.718512'),
	 ('4240aabc-2762-4748-8a46-d8916f46aa70','babca6d7-fd4b-4306-b35e-e436786a9a00','2b9dd9a7-eb83-4fcc-a479-4489e0571e06','46e83ef9-ab70-4667-8653-aaf75a80382c',514,'2023-04-03 17:15:56.720994'),
	 ('f7d83ef4-2cc1-4690-9fb1-3dde1cc0f7d8','a061f535-6829-4e58-ab93-7b408d2504f3','d8372d6d-80e4-4b3b-8a5b-a2c316573208','03faef4a-f22f-4922-a868-880bf3859aa7',758,'2023-04-03 17:15:56.723602'),
	 ('fefda00e-e927-4cde-b418-a01b0a3c18a5','3f181412-7018-486b-a656-9d8e81dff613','52c40aa1-9e8b-423a-872f-906d2c7af971','b040f023-6933-4503-81a8-b1866f9d6317',219,'2023-04-03 17:15:56.726317'),
	 ('5f377da3-4658-497c-9a96-c88a88fa3143','a061f535-6829-4e58-ab93-7b408d2504f3','d8372d6d-80e4-4b3b-8a5b-a2c316573208','03faef4a-f22f-4922-a868-880bf3859aa7',200,'2023-04-03 17:15:56.728841'),
	 ('35fac3ce-2514-4beb-b1ea-f9f2ab9ae00a','e62277b5-3f59-4f88-bed4-04fbe8c470e8','4e148709-bf7b-42bc-9e1e-5e3589d0e162','48193390-49b9-4530-b28e-0ce68dafa581',855,'2023-04-03 17:15:56.731826'),
	 ('8b801eeb-0179-426f-8315-922b5993367b','3f181412-7018-486b-a656-9d8e81dff613','52c40aa1-9e8b-423a-872f-906d2c7af971','b040f023-6933-4503-81a8-b1866f9d6317',916,'2023-04-03 17:15:56.734693'),
	 ('eb83c840-8135-46e5-8ac4-2fb3cceb4d2f','f5c0b82a-4d0a-48d1-8b28-5056530387ff','c3c43a6f-48e3-4f88-87a1-764ab1e13353','27e72c80-59c7-4a7f-81ac-3c284a70800f',506,'2023-04-03 17:15:56.73774');
INSERT INTO public."transaction" (id,sender_acc_id,receiver_acc_id,currency_id,amount,created_at) VALUES
	 ('7e67336c-5e1d-49db-8908-e3818e5575f0','f5c0b82a-4d0a-48d1-8b28-5056530387ff','c3c43a6f-48e3-4f88-87a1-764ab1e13353','27e72c80-59c7-4a7f-81ac-3c284a70800f',325,'2023-04-03 17:15:56.74372'),
	 ('5a190d15-caee-4608-aa0e-b069773efeea','7f1d6ef3-5e89-4fc6-8b76-7d42f9e0bd9d','4abbf459-2a88-42c4-8905-6b68a3d4c91a','277fd974-4b67-4a2b-b469-c4ecd75651af',295,'2023-04-03 17:15:56.746597'),
	 ('a6256848-b10d-4ed5-a2fe-0e4d3c6c1c54','e62277b5-3f59-4f88-bed4-04fbe8c470e8','4e148709-bf7b-42bc-9e1e-5e3589d0e162','48193390-49b9-4530-b28e-0ce68dafa581',862,'2023-04-03 17:15:56.749208'),
	 ('002a4f55-8b4a-4ffe-9613-c5535dc5cf9c','3f181412-7018-486b-a656-9d8e81dff613','52c40aa1-9e8b-423a-872f-906d2c7af971','b040f023-6933-4503-81a8-b1866f9d6317',622,'2023-04-03 17:15:56.751744'),
	 ('a0e2c27c-8a6b-484e-b100-d874686e68d8','b6403bf6-e60a-46f5-88d3-74b04f6f6eff','b9cbd7a9-7f54-4ef3-ba53-69204bed16ae','e07fd634-d7ee-4cb1-a838-70ef3aebb254',956,'2023-04-03 17:15:56.754951'),
	 ('3daa3ba0-4ff4-44f7-8866-8228162e48c1','e228ec47-027f-497a-b497-44b959434e77','68db587f-a1f9-42e5-8c99-cb2fa477b944','9ad0c93c-7e06-4695-b718-ff25fc1d268c',807,'2023-04-03 17:15:56.757485'),
	 ('d2d489d7-25ac-4f01-9a4b-2352b531a507','e228ec47-027f-497a-b497-44b959434e77','68db587f-a1f9-42e5-8c99-cb2fa477b944','9ad0c93c-7e06-4695-b718-ff25fc1d268c',668,'2023-04-03 17:15:56.759986'),
	 ('100d2094-2bbc-428d-b873-e4bb1a82be4b','7f1d6ef3-5e89-4fc6-8b76-7d42f9e0bd9d','4abbf459-2a88-42c4-8905-6b68a3d4c91a','277fd974-4b67-4a2b-b469-c4ecd75651af',981,'2023-04-03 17:15:56.762688'),
	 ('6f5e2aea-61f8-452f-9ca4-52cf90b0a760','431ef22a-72ef-492e-81c1-38a0db98019a','b933fa30-faea-4166-b511-03445264d69d','b5c5941b-d6ff-4073-8842-a326d29cbae9',406,'2023-04-03 17:15:56.764989'),
	 ('985d7cec-1c24-4d7d-834e-c601b4e6fa60','3f181412-7018-486b-a656-9d8e81dff613','52c40aa1-9e8b-423a-872f-906d2c7af971','b040f023-6933-4503-81a8-b1866f9d6317',236,'2023-04-03 17:15:56.768304');
INSERT INTO public."transaction" (id,sender_acc_id,receiver_acc_id,currency_id,amount,created_at) VALUES
	 ('a306bafe-d717-40af-b9cd-acdab5c8516e','f5c0b82a-4d0a-48d1-8b28-5056530387ff','c3c43a6f-48e3-4f88-87a1-764ab1e13353','27e72c80-59c7-4a7f-81ac-3c284a70800f',517,'2023-04-03 17:15:56.770454'),
	 ('17e3eafc-31de-4a6d-9afb-6ae1283de0a8','b6403bf6-e60a-46f5-88d3-74b04f6f6eff','b9cbd7a9-7f54-4ef3-ba53-69204bed16ae','e07fd634-d7ee-4cb1-a838-70ef3aebb254',964,'2023-04-03 17:15:56.772964'),
	 ('130cc2c9-9592-4e0e-a82c-81ced6ed558b','3f181412-7018-486b-a656-9d8e81dff613','52c40aa1-9e8b-423a-872f-906d2c7af971','b040f023-6933-4503-81a8-b1866f9d6317',396,'2023-04-03 17:15:56.777785'),
	 ('5f21abee-8fe2-4354-a095-9548e42ceacf','babca6d7-fd4b-4306-b35e-e436786a9a00','2b9dd9a7-eb83-4fcc-a479-4489e0571e06','46e83ef9-ab70-4667-8653-aaf75a80382c',428,'2023-04-03 17:15:56.781344'),
	 ('40fbb7c9-1515-4139-b8be-5bafe626f95b','7f1d6ef3-5e89-4fc6-8b76-7d42f9e0bd9d','4abbf459-2a88-42c4-8905-6b68a3d4c91a','277fd974-4b67-4a2b-b469-c4ecd75651af',575,'2023-04-03 17:15:56.783922'),
	 ('cd776c12-f3df-43ec-a190-8e6cead4c666','b6403bf6-e60a-46f5-88d3-74b04f6f6eff','b9cbd7a9-7f54-4ef3-ba53-69204bed16ae','e07fd634-d7ee-4cb1-a838-70ef3aebb254',721,'2023-04-03 17:15:56.786606'),
	 ('df56cfe1-816b-4cf0-9d3b-30f8dd22282f','9a6b19b5-ac64-4325-b528-29edfeff3fdf','4dae5b7a-90a7-478b-953d-5ffba7d190a0','6aa85959-235f-4212-b570-0116777002c5',671,'2023-04-03 17:15:56.789341'),
	 ('4d91bc68-0726-451d-95e3-0baaf217f5d6','431ef22a-72ef-492e-81c1-38a0db98019a','b933fa30-faea-4166-b511-03445264d69d','b5c5941b-d6ff-4073-8842-a326d29cbae9',535,'2023-04-03 17:15:56.791978'),
	 ('a34bdc90-fea1-4b40-b925-97908a28b04f','e228ec47-027f-497a-b497-44b959434e77','68db587f-a1f9-42e5-8c99-cb2fa477b944','9ad0c93c-7e06-4695-b718-ff25fc1d268c',919,'2023-04-03 17:15:56.794974'),
	 ('df4ccc25-3579-475d-ab87-d38a574736bc','a061f535-6829-4e58-ab93-7b408d2504f3','d8372d6d-80e4-4b3b-8a5b-a2c316573208','03faef4a-f22f-4922-a868-880bf3859aa7',706,'2023-04-03 17:15:56.797678');
INSERT INTO public."transaction" (id,sender_acc_id,receiver_acc_id,currency_id,amount,created_at) VALUES
	 ('6bb8ee4f-181b-4932-9582-995744403464','3f181412-7018-486b-a656-9d8e81dff613','52c40aa1-9e8b-423a-872f-906d2c7af971','b040f023-6933-4503-81a8-b1866f9d6317',857,'2023-04-03 17:15:56.800272'),
	 ('27efbcd2-93f8-4ab3-9cab-6291a00f5604','431ef22a-72ef-492e-81c1-38a0db98019a','b933fa30-faea-4166-b511-03445264d69d','b5c5941b-d6ff-4073-8842-a326d29cbae9',767,'2023-04-03 17:15:56.80249'),
	 ('e9b09b1a-2996-47d5-8a75-90fcae8bcb12','babca6d7-fd4b-4306-b35e-e436786a9a00','2b9dd9a7-eb83-4fcc-a479-4489e0571e06','46e83ef9-ab70-4667-8653-aaf75a80382c',263,'2023-04-03 17:15:56.805048'),
	 ('41673cb3-9076-407b-a98a-fefd1d7d1d62','a061f535-6829-4e58-ab93-7b408d2504f3','d8372d6d-80e4-4b3b-8a5b-a2c316573208','03faef4a-f22f-4922-a868-880bf3859aa7',509,'2023-04-03 17:15:56.80761'),
	 ('cca69d57-f201-4bd7-8c6d-39d80178b24f','3f181412-7018-486b-a656-9d8e81dff613','52c40aa1-9e8b-423a-872f-906d2c7af971','b040f023-6933-4503-81a8-b1866f9d6317',218,'2023-04-03 17:15:56.810016'),
	 ('54ba1a43-4540-4703-b6ae-acea7c75116f','7f1d6ef3-5e89-4fc6-8b76-7d42f9e0bd9d','4abbf459-2a88-42c4-8905-6b68a3d4c91a','277fd974-4b67-4a2b-b469-c4ecd75651af',773,'2023-04-03 17:15:56.812532'),
	 ('8d6ab745-4e5a-4733-b9ea-6539a4003023','b6403bf6-e60a-46f5-88d3-74b04f6f6eff','b9cbd7a9-7f54-4ef3-ba53-69204bed16ae','e07fd634-d7ee-4cb1-a838-70ef3aebb254',780,'2023-04-03 17:15:56.815179'),
	 ('efd697ce-7c56-4bae-b222-572ae8140f63','3f181412-7018-486b-a656-9d8e81dff613','52c40aa1-9e8b-423a-872f-906d2c7af971','b040f023-6933-4503-81a8-b1866f9d6317',918,'2023-04-03 17:15:56.817471'),
	 ('8b9a2e29-a3a3-4ea8-b392-e621dcf146ef','a061f535-6829-4e58-ab93-7b408d2504f3','d8372d6d-80e4-4b3b-8a5b-a2c316573208','03faef4a-f22f-4922-a868-880bf3859aa7',576,'2023-04-03 17:15:56.819798'),
	 ('1aed0cf2-49c3-4811-826c-df8ca9c7fea8','431ef22a-72ef-492e-81c1-38a0db98019a','b933fa30-faea-4166-b511-03445264d69d','b5c5941b-d6ff-4073-8842-a326d29cbae9',482,'2023-04-03 17:15:56.82209');
INSERT INTO public."transaction" (id,sender_acc_id,receiver_acc_id,currency_id,amount,created_at) VALUES
	 ('0cfd9625-5a49-4e49-a42c-139c4d4289b4','7f1d6ef3-5e89-4fc6-8b76-7d42f9e0bd9d','4abbf459-2a88-42c4-8905-6b68a3d4c91a','277fd974-4b67-4a2b-b469-c4ecd75651af',574,'2023-04-03 17:15:56.827021'),
	 ('9325f53b-593b-4473-915a-e02ae27c62f5','a061f535-6829-4e58-ab93-7b408d2504f3','d8372d6d-80e4-4b3b-8a5b-a2c316573208','03faef4a-f22f-4922-a868-880bf3859aa7',734,'2023-04-03 17:15:56.832909'),
	 ('de3a6755-705e-4cef-af4e-5845b7817fa6','f5c0b82a-4d0a-48d1-8b28-5056530387ff','c3c43a6f-48e3-4f88-87a1-764ab1e13353','27e72c80-59c7-4a7f-81ac-3c284a70800f',328,'2023-04-03 17:15:56.835245'),
	 ('690bdeda-3127-4e67-b5b5-58e59db202c5','b6403bf6-e60a-46f5-88d3-74b04f6f6eff','b9cbd7a9-7f54-4ef3-ba53-69204bed16ae','e07fd634-d7ee-4cb1-a838-70ef3aebb254',744,'2023-04-03 17:15:56.837652'),
	 ('44bfd907-bf31-4dbf-9be3-58464f011fc3','3f181412-7018-486b-a656-9d8e81dff613','52c40aa1-9e8b-423a-872f-906d2c7af971','b040f023-6933-4503-81a8-b1866f9d6317',564,'2023-04-03 17:18:23.759129'),
	 ('a5a2e5fb-f777-4c4a-bcd3-006180d6e63b','babca6d7-fd4b-4306-b35e-e436786a9a00','2b9dd9a7-eb83-4fcc-a479-4489e0571e06','46e83ef9-ab70-4667-8653-aaf75a80382c',632,'2023-04-03 17:18:23.767848'),
	 ('6bbef72c-76f2-44e3-9d30-bdd543f54bfd','f5c0b82a-4d0a-48d1-8b28-5056530387ff','c3c43a6f-48e3-4f88-87a1-764ab1e13353','27e72c80-59c7-4a7f-81ac-3c284a70800f',473,'2023-04-03 17:18:23.771466'),
	 ('d0d396fa-c75b-48fb-b901-863ab49fb1ea','9a6b19b5-ac64-4325-b528-29edfeff3fdf','4dae5b7a-90a7-478b-953d-5ffba7d190a0','6aa85959-235f-4212-b570-0116777002c5',786,'2023-04-03 17:18:23.774854'),
	 ('aa6768d4-3382-4d66-89ea-ec0e721dc628','3f181412-7018-486b-a656-9d8e81dff613','52c40aa1-9e8b-423a-872f-906d2c7af971','b040f023-6933-4503-81a8-b1866f9d6317',601,'2023-04-03 17:18:23.778241'),
	 ('6a46dbf9-7187-4774-9dc5-6699d73db728','3f181412-7018-486b-a656-9d8e81dff613','52c40aa1-9e8b-423a-872f-906d2c7af971','b040f023-6933-4503-81a8-b1866f9d6317',308,'2023-04-03 17:18:23.781381');
INSERT INTO public."transaction" (id,sender_acc_id,receiver_acc_id,currency_id,amount,created_at) VALUES
	 ('2665b89e-3f2b-4421-85a8-bbc9a1f0f021','431ef22a-72ef-492e-81c1-38a0db98019a','b933fa30-faea-4166-b511-03445264d69d','b5c5941b-d6ff-4073-8842-a326d29cbae9',851,'2023-04-03 17:18:23.78509'),
	 ('43fa33f2-2cbd-4591-8544-12474a46f915','7f1d6ef3-5e89-4fc6-8b76-7d42f9e0bd9d','4abbf459-2a88-42c4-8905-6b68a3d4c91a','277fd974-4b67-4a2b-b469-c4ecd75651af',954,'2023-04-03 17:18:23.788109'),
	 ('76f1c56e-5760-4da0-b6e4-aad2a89c3d22','431ef22a-72ef-492e-81c1-38a0db98019a','b933fa30-faea-4166-b511-03445264d69d','b5c5941b-d6ff-4073-8842-a326d29cbae9',454,'2023-04-03 17:18:23.790924'),
	 ('87880abf-d72c-4d10-b5ac-c77aff60c3fa','431ef22a-72ef-492e-81c1-38a0db98019a','b933fa30-faea-4166-b511-03445264d69d','b5c5941b-d6ff-4073-8842-a326d29cbae9',222,'2023-04-03 17:18:23.794129'),
	 ('71748207-07fc-42f5-975d-af20f7cdbbad','9a6b19b5-ac64-4325-b528-29edfeff3fdf','4dae5b7a-90a7-478b-953d-5ffba7d190a0','6aa85959-235f-4212-b570-0116777002c5',816,'2023-04-03 17:18:23.798261'),
	 ('246da56b-757c-464d-9269-6bfc33fc7396','a061f535-6829-4e58-ab93-7b408d2504f3','d8372d6d-80e4-4b3b-8a5b-a2c316573208','03faef4a-f22f-4922-a868-880bf3859aa7',990,'2023-04-03 17:18:23.801596'),
	 ('7453e47d-cfa1-4a88-82bc-be698b7b5a68','b6403bf6-e60a-46f5-88d3-74b04f6f6eff','b9cbd7a9-7f54-4ef3-ba53-69204bed16ae','e07fd634-d7ee-4cb1-a838-70ef3aebb254',963,'2023-04-03 17:18:23.804585'),
	 ('6380dc8d-0b1c-4841-a94a-ff3794c506fc','431ef22a-72ef-492e-81c1-38a0db98019a','b933fa30-faea-4166-b511-03445264d69d','b5c5941b-d6ff-4073-8842-a326d29cbae9',608,'2023-04-03 17:18:23.807096'),
	 ('8b5c345a-0cab-45a5-9689-43de3ba0b207','f5c0b82a-4d0a-48d1-8b28-5056530387ff','c3c43a6f-48e3-4f88-87a1-764ab1e13353','27e72c80-59c7-4a7f-81ac-3c284a70800f',931,'2023-04-03 17:18:23.809863'),
	 ('3d9e59bf-9dcc-41fa-a5af-be8d4e92f81d','f5c0b82a-4d0a-48d1-8b28-5056530387ff','c3c43a6f-48e3-4f88-87a1-764ab1e13353','27e72c80-59c7-4a7f-81ac-3c284a70800f',942,'2023-04-03 17:18:23.813629');
INSERT INTO public."transaction" (id,sender_acc_id,receiver_acc_id,currency_id,amount,created_at) VALUES
	 ('aaa266c7-48b9-4dc1-88ec-4fd726237724','7f1d6ef3-5e89-4fc6-8b76-7d42f9e0bd9d','4abbf459-2a88-42c4-8905-6b68a3d4c91a','277fd974-4b67-4a2b-b469-c4ecd75651af',368,'2023-04-03 17:18:23.816562'),
	 ('09857c24-7abc-4741-91b2-30cd428e04ec','a061f535-6829-4e58-ab93-7b408d2504f3','d8372d6d-80e4-4b3b-8a5b-a2c316573208','03faef4a-f22f-4922-a868-880bf3859aa7',614,'2023-04-03 17:18:23.819182'),
	 ('25ba0750-4f75-4733-916a-dea8747c4273','f5c0b82a-4d0a-48d1-8b28-5056530387ff','c3c43a6f-48e3-4f88-87a1-764ab1e13353','27e72c80-59c7-4a7f-81ac-3c284a70800f',852,'2023-04-03 17:18:23.822386'),
	 ('8d95d161-e197-4fd8-8f16-aff66b47ffb1','e62277b5-3f59-4f88-bed4-04fbe8c470e8','4e148709-bf7b-42bc-9e1e-5e3589d0e162','48193390-49b9-4530-b28e-0ce68dafa581',212,'2023-04-03 17:18:23.825392'),
	 ('ad84dff1-cae5-49bd-893e-8f1a55b832f0','e228ec47-027f-497a-b497-44b959434e77','68db587f-a1f9-42e5-8c99-cb2fa477b944','9ad0c93c-7e06-4695-b718-ff25fc1d268c',307,'2023-04-03 17:18:23.828795'),
	 ('477f4c3f-cd30-416f-87b3-af2a203804db','a061f535-6829-4e58-ab93-7b408d2504f3','d8372d6d-80e4-4b3b-8a5b-a2c316573208','03faef4a-f22f-4922-a868-880bf3859aa7',852,'2023-04-03 17:18:23.832102'),
	 ('9b7fa4f5-4be5-4bb3-b050-08be29362789','f5c0b82a-4d0a-48d1-8b28-5056530387ff','c3c43a6f-48e3-4f88-87a1-764ab1e13353','27e72c80-59c7-4a7f-81ac-3c284a70800f',209,'2023-04-03 17:18:23.835176'),
	 ('06840a50-cc8c-4169-bf0f-8f2be38c7e09','b6403bf6-e60a-46f5-88d3-74b04f6f6eff','b9cbd7a9-7f54-4ef3-ba53-69204bed16ae','e07fd634-d7ee-4cb1-a838-70ef3aebb254',216,'2023-04-03 17:18:23.837647'),
	 ('3225bf64-6879-443d-a2f9-fb9a0fdfd987','7f1d6ef3-5e89-4fc6-8b76-7d42f9e0bd9d','4abbf459-2a88-42c4-8905-6b68a3d4c91a','277fd974-4b67-4a2b-b469-c4ecd75651af',520,'2023-04-03 17:18:23.840063'),
	 ('51dbcf88-d451-407b-a282-74190a1b66e6','a061f535-6829-4e58-ab93-7b408d2504f3','d8372d6d-80e4-4b3b-8a5b-a2c316573208','03faef4a-f22f-4922-a868-880bf3859aa7',455,'2023-04-03 17:18:23.843169');
INSERT INTO public."transaction" (id,sender_acc_id,receiver_acc_id,currency_id,amount,created_at) VALUES
	 ('5d1fc3bf-7e72-4ee1-acc2-811859829550','e62277b5-3f59-4f88-bed4-04fbe8c470e8','4e148709-bf7b-42bc-9e1e-5e3589d0e162','48193390-49b9-4530-b28e-0ce68dafa581',315,'2023-04-03 17:18:23.846103'),
	 ('ea3747cc-b869-42ad-ab1f-20b0d88ab763','3f181412-7018-486b-a656-9d8e81dff613','52c40aa1-9e8b-423a-872f-906d2c7af971','b040f023-6933-4503-81a8-b1866f9d6317',349,'2023-04-03 17:18:23.84905'),
	 ('24af29bc-5fe5-40d4-845e-6d4abec84d91','9a6b19b5-ac64-4325-b528-29edfeff3fdf','4dae5b7a-90a7-478b-953d-5ffba7d190a0','6aa85959-235f-4212-b570-0116777002c5',272,'2023-04-03 17:18:23.852281'),
	 ('f1a326fc-d213-427a-801d-a11887a4f5cc','b6403bf6-e60a-46f5-88d3-74b04f6f6eff','b9cbd7a9-7f54-4ef3-ba53-69204bed16ae','e07fd634-d7ee-4cb1-a838-70ef3aebb254',893,'2023-04-03 17:18:23.854821'),
	 ('fd76b2c2-510c-40a7-b4ac-40623dd10c07','7f1d6ef3-5e89-4fc6-8b76-7d42f9e0bd9d','4abbf459-2a88-42c4-8905-6b68a3d4c91a','277fd974-4b67-4a2b-b469-c4ecd75651af',354,'2023-04-03 17:18:23.857252'),
	 ('24a02c76-7a32-4e05-b1ec-c64cc002675c','7f1d6ef3-5e89-4fc6-8b76-7d42f9e0bd9d','4abbf459-2a88-42c4-8905-6b68a3d4c91a','277fd974-4b67-4a2b-b469-c4ecd75651af',887,'2023-04-03 17:18:23.859791'),
	 ('bbb8ee3b-7eb2-4205-a03a-b8457a51ac18','e228ec47-027f-497a-b497-44b959434e77','68db587f-a1f9-42e5-8c99-cb2fa477b944','9ad0c93c-7e06-4695-b718-ff25fc1d268c',353,'2023-04-03 17:18:23.862843'),
	 ('e6436c55-46c9-40ba-8908-f1d22efa9b4e','431ef22a-72ef-492e-81c1-38a0db98019a','b933fa30-faea-4166-b511-03445264d69d','b5c5941b-d6ff-4073-8842-a326d29cbae9',806,'2023-04-03 17:18:23.868807'),
	 ('d57b1149-1550-42ad-9b9a-c1524f74b52e','a061f535-6829-4e58-ab93-7b408d2504f3','d8372d6d-80e4-4b3b-8a5b-a2c316573208','03faef4a-f22f-4922-a868-880bf3859aa7',219,'2023-04-03 17:18:23.871241'),
	 ('ca13404b-2379-4b11-8685-f609a04526e3','b6403bf6-e60a-46f5-88d3-74b04f6f6eff','b9cbd7a9-7f54-4ef3-ba53-69204bed16ae','e07fd634-d7ee-4cb1-a838-70ef3aebb254',218,'2023-04-03 17:18:23.873671');
INSERT INTO public."transaction" (id,sender_acc_id,receiver_acc_id,currency_id,amount,created_at) VALUES
	 ('90456aed-069d-46af-8c97-5c6172299d89','babca6d7-fd4b-4306-b35e-e436786a9a00','2b9dd9a7-eb83-4fcc-a479-4489e0571e06','46e83ef9-ab70-4667-8653-aaf75a80382c',235,'2023-04-03 17:18:23.876175'),
	 ('ce300226-6099-46ad-b1ed-b3e05805dd98','e62277b5-3f59-4f88-bed4-04fbe8c470e8','4e148709-bf7b-42bc-9e1e-5e3589d0e162','48193390-49b9-4530-b28e-0ce68dafa581',322,'2023-04-03 17:18:23.879661'),
	 ('d07ad452-a6b9-4443-bfed-7ce6495e17d3','babca6d7-fd4b-4306-b35e-e436786a9a00','2b9dd9a7-eb83-4fcc-a479-4489e0571e06','46e83ef9-ab70-4667-8653-aaf75a80382c',455,'2023-04-03 17:18:23.882188'),
	 ('a57e3320-b408-4e62-b333-61a958af546a','9a6b19b5-ac64-4325-b528-29edfeff3fdf','4dae5b7a-90a7-478b-953d-5ffba7d190a0','6aa85959-235f-4212-b570-0116777002c5',843,'2023-04-03 17:18:23.884655'),
	 ('a9f80051-377b-4a14-99ba-4b0a694b3bac','7f1d6ef3-5e89-4fc6-8b76-7d42f9e0bd9d','4abbf459-2a88-42c4-8905-6b68a3d4c91a','277fd974-4b67-4a2b-b469-c4ecd75651af',449,'2023-04-03 17:18:23.887306'),
	 ('f667b8e8-09c2-4d4d-bb25-e54f19951d70','9a6b19b5-ac64-4325-b528-29edfeff3fdf','4dae5b7a-90a7-478b-953d-5ffba7d190a0','6aa85959-235f-4212-b570-0116777002c5',721,'2023-04-03 17:18:23.889945'),
	 ('0a0f8bbb-e584-4682-adb8-b71cddd1e462','9a6b19b5-ac64-4325-b528-29edfeff3fdf','4dae5b7a-90a7-478b-953d-5ffba7d190a0','6aa85959-235f-4212-b570-0116777002c5',324,'2023-04-03 17:18:23.893566'),
	 ('63e1f971-4d99-4a49-8f34-9294995db9a6','9a6b19b5-ac64-4325-b528-29edfeff3fdf','4dae5b7a-90a7-478b-953d-5ffba7d190a0','6aa85959-235f-4212-b570-0116777002c5',363,'2023-04-03 17:18:23.895834'),
	 ('c446082d-7e18-4098-9fb8-b8e5bf3b6760','9a6b19b5-ac64-4325-b528-29edfeff3fdf','4dae5b7a-90a7-478b-953d-5ffba7d190a0','6aa85959-235f-4212-b570-0116777002c5',998,'2023-04-03 17:18:23.898473'),
	 ('afc5c49a-1207-4636-bb1c-b92d1b51f61d','3f181412-7018-486b-a656-9d8e81dff613','52c40aa1-9e8b-423a-872f-906d2c7af971','b040f023-6933-4503-81a8-b1866f9d6317',492,'2023-04-03 17:18:23.901081');
INSERT INTO public."transaction" (id,sender_acc_id,receiver_acc_id,currency_id,amount,created_at) VALUES
	 ('f397aa14-38d0-4377-9858-74b2202d9d26','b6403bf6-e60a-46f5-88d3-74b04f6f6eff','b9cbd7a9-7f54-4ef3-ba53-69204bed16ae','e07fd634-d7ee-4cb1-a838-70ef3aebb254',329,'2023-04-03 17:18:23.904635'),
	 ('9ef2d805-a190-4dc3-b094-dc4c7837ead4','a061f535-6829-4e58-ab93-7b408d2504f3','d8372d6d-80e4-4b3b-8a5b-a2c316573208','03faef4a-f22f-4922-a868-880bf3859aa7',852,'2023-04-03 17:18:23.907344'),
	 ('3ff23704-58be-4053-9c7e-88e9b067c3f2','7f1d6ef3-5e89-4fc6-8b76-7d42f9e0bd9d','4abbf459-2a88-42c4-8905-6b68a3d4c91a','277fd974-4b67-4a2b-b469-c4ecd75651af',254,'2023-04-03 17:18:23.910266'),
	 ('417282ea-db55-4a44-a6dd-6ea2e19f1f75','3f181412-7018-486b-a656-9d8e81dff613','52c40aa1-9e8b-423a-872f-906d2c7af971','b040f023-6933-4503-81a8-b1866f9d6317',861,'2023-04-03 17:18:23.912962'),
	 ('2de8313d-fcf6-48fa-8ba0-6ea1e4a65005','9a6b19b5-ac64-4325-b528-29edfeff3fdf','4dae5b7a-90a7-478b-953d-5ffba7d190a0','6aa85959-235f-4212-b570-0116777002c5',795,'2023-04-03 17:18:23.915527'),
	 ('2bbca8c2-b682-4385-a938-90e1f42a70f6','7f1d6ef3-5e89-4fc6-8b76-7d42f9e0bd9d','4abbf459-2a88-42c4-8905-6b68a3d4c91a','277fd974-4b67-4a2b-b469-c4ecd75651af',992,'2023-04-03 17:18:23.918174'),
	 ('ca81451c-8a30-4d1d-8efb-935433fe1605','431ef22a-72ef-492e-81c1-38a0db98019a','b933fa30-faea-4166-b511-03445264d69d','b5c5941b-d6ff-4073-8842-a326d29cbae9',877,'2023-04-03 17:18:23.920792'),
	 ('065c7011-e2cb-4368-8581-16bb816efbe4','e228ec47-027f-497a-b497-44b959434e77','68db587f-a1f9-42e5-8c99-cb2fa477b944','9ad0c93c-7e06-4695-b718-ff25fc1d268c',249,'2023-04-03 17:18:23.923225'),
	 ('359008a7-3d69-4d5e-b9d5-94d55c1bbe36','e228ec47-027f-497a-b497-44b959434e77','68db587f-a1f9-42e5-8c99-cb2fa477b944','9ad0c93c-7e06-4695-b718-ff25fc1d268c',546,'2023-04-03 17:18:23.925696'),
	 ('44bc2a95-66aa-485f-830c-e91f7e6abd68','f5c0b82a-4d0a-48d1-8b28-5056530387ff','c3c43a6f-48e3-4f88-87a1-764ab1e13353','27e72c80-59c7-4a7f-81ac-3c284a70800f',796,'2023-04-03 17:18:23.928389');
INSERT INTO public."transaction" (id,sender_acc_id,receiver_acc_id,currency_id,amount,created_at) VALUES
	 ('ae1216cd-bd76-4c46-b482-a755685ee3e7','7f1d6ef3-5e89-4fc6-8b76-7d42f9e0bd9d','4abbf459-2a88-42c4-8905-6b68a3d4c91a','277fd974-4b67-4a2b-b469-c4ecd75651af',709,'2023-04-03 17:18:23.931176'),
	 ('13608300-7faf-4343-ac60-994ff5b5bd7b','babca6d7-fd4b-4306-b35e-e436786a9a00','2b9dd9a7-eb83-4fcc-a479-4489e0571e06','46e83ef9-ab70-4667-8653-aaf75a80382c',713,'2023-04-03 17:18:23.934284'),
	 ('78809a01-e300-4caf-b209-ff061b4c4dd7','a061f535-6829-4e58-ab93-7b408d2504f3','d8372d6d-80e4-4b3b-8a5b-a2c316573208','03faef4a-f22f-4922-a868-880bf3859aa7',649,'2023-04-03 17:18:23.936948'),
	 ('c443232b-02c8-47ed-84b8-0f56d2292c55','431ef22a-72ef-492e-81c1-38a0db98019a','b933fa30-faea-4166-b511-03445264d69d','b5c5941b-d6ff-4073-8842-a326d29cbae9',328,'2023-04-03 17:18:23.939562'),
	 ('987412bd-674f-47da-bc83-17dc0896740b','b6403bf6-e60a-46f5-88d3-74b04f6f6eff','b9cbd7a9-7f54-4ef3-ba53-69204bed16ae','e07fd634-d7ee-4cb1-a838-70ef3aebb254',358,'2023-04-03 17:18:23.942197'),
	 ('8c3e8302-8021-4acd-86fd-b09561cbb060','3f181412-7018-486b-a656-9d8e81dff613','52c40aa1-9e8b-423a-872f-906d2c7af971','b040f023-6933-4503-81a8-b1866f9d6317',378,'2023-04-03 17:18:23.944771'),
	 ('33e6ca94-5397-49e9-b0ae-b48253b30cbf','babca6d7-fd4b-4306-b35e-e436786a9a00','2b9dd9a7-eb83-4fcc-a479-4489e0571e06','46e83ef9-ab70-4667-8653-aaf75a80382c',369,'2023-04-03 17:18:23.947248'),
	 ('737e3f2c-f7aa-43e2-a5f9-11728beda112','3f181412-7018-486b-a656-9d8e81dff613','52c40aa1-9e8b-423a-872f-906d2c7af971','b040f023-6933-4503-81a8-b1866f9d6317',882,'2023-04-03 17:18:23.949913'),
	 ('8f737a2d-5596-4f7c-83a5-75a53cb849d4','a061f535-6829-4e58-ab93-7b408d2504f3','d8372d6d-80e4-4b3b-8a5b-a2c316573208','03faef4a-f22f-4922-a868-880bf3859aa7',874,'2023-04-03 17:18:23.955926'),
	 ('78a4f415-ed99-464a-a884-ff3295bf6704','9a6b19b5-ac64-4325-b528-29edfeff3fdf','4dae5b7a-90a7-478b-953d-5ffba7d190a0','6aa85959-235f-4212-b570-0116777002c5',791,'2023-04-03 17:18:23.958568');
INSERT INTO public."transaction" (id,sender_acc_id,receiver_acc_id,currency_id,amount,created_at) VALUES
	 ('801eb3a0-807a-42fa-bca3-435009ef984f','9a6b19b5-ac64-4325-b528-29edfeff3fdf','4dae5b7a-90a7-478b-953d-5ffba7d190a0','6aa85959-235f-4212-b570-0116777002c5',742,'2023-04-03 17:18:23.961121'),
	 ('065dd5cb-0fb7-4672-91b1-132128245147','7f1d6ef3-5e89-4fc6-8b76-7d42f9e0bd9d','4abbf459-2a88-42c4-8905-6b68a3d4c91a','277fd974-4b67-4a2b-b469-c4ecd75651af',702,'2023-04-03 17:18:23.963594'),
	 ('007a6b93-49fc-481d-8c5f-4a764d4bb55e','7f1d6ef3-5e89-4fc6-8b76-7d42f9e0bd9d','4abbf459-2a88-42c4-8905-6b68a3d4c91a','277fd974-4b67-4a2b-b469-c4ecd75651af',438,'2023-04-03 17:18:23.966914'),
	 ('c61a96bf-20cf-4a7c-9a7e-bbbd6e1fc96e','e228ec47-027f-497a-b497-44b959434e77','68db587f-a1f9-42e5-8c99-cb2fa477b944','9ad0c93c-7e06-4695-b718-ff25fc1d268c',677,'2023-04-03 17:18:23.969474'),
	 ('2c39f5f0-a70b-4b32-918c-0eba2b2ba51f','7f1d6ef3-5e89-4fc6-8b76-7d42f9e0bd9d','4abbf459-2a88-42c4-8905-6b68a3d4c91a','277fd974-4b67-4a2b-b469-c4ecd75651af',796,'2023-04-03 17:18:23.97201'),
	 ('1fe27696-a8d3-4e0e-bee9-71299af81479','f5c0b82a-4d0a-48d1-8b28-5056530387ff','c3c43a6f-48e3-4f88-87a1-764ab1e13353','27e72c80-59c7-4a7f-81ac-3c284a70800f',890,'2023-04-03 17:18:23.974524'),
	 ('a8bea00b-4722-4230-ae27-2eb1cfb12ebe','7f1d6ef3-5e89-4fc6-8b76-7d42f9e0bd9d','4abbf459-2a88-42c4-8905-6b68a3d4c91a','277fd974-4b67-4a2b-b469-c4ecd75651af',411,'2023-04-03 17:18:23.97729'),
	 ('c14294d4-9d5b-4fce-a03a-a59629f14470','babca6d7-fd4b-4306-b35e-e436786a9a00','2b9dd9a7-eb83-4fcc-a479-4489e0571e06','46e83ef9-ab70-4667-8653-aaf75a80382c',865,'2023-04-03 17:18:23.981154'),
	 ('6c4f11bc-7ef7-4fbd-b6dc-ee0079190183','3f181412-7018-486b-a656-9d8e81dff613','52c40aa1-9e8b-423a-872f-906d2c7af971','b040f023-6933-4503-81a8-b1866f9d6317',614,'2023-04-03 17:18:23.983912'),
	 ('f06cf7c2-e205-4fc3-9bf8-9705886d3c60','babca6d7-fd4b-4306-b35e-e436786a9a00','2b9dd9a7-eb83-4fcc-a479-4489e0571e06','46e83ef9-ab70-4667-8653-aaf75a80382c',881,'2023-04-03 17:18:23.986704');
INSERT INTO public."transaction" (id,sender_acc_id,receiver_acc_id,currency_id,amount,created_at) VALUES
	 ('80dd3fbd-b43c-4e1e-8700-f5d534d3a557','babca6d7-fd4b-4306-b35e-e436786a9a00','2b9dd9a7-eb83-4fcc-a479-4489e0571e06','46e83ef9-ab70-4667-8653-aaf75a80382c',559,'2023-04-03 17:18:23.989746'),
	 ('ae3a711e-8d58-4d42-a3b6-13c6bfbde494','b6403bf6-e60a-46f5-88d3-74b04f6f6eff','b9cbd7a9-7f54-4ef3-ba53-69204bed16ae','e07fd634-d7ee-4cb1-a838-70ef3aebb254',635,'2023-04-03 17:18:23.99341'),
	 ('53b08500-2ca9-447a-a9c3-693ccace81bd','f5c0b82a-4d0a-48d1-8b28-5056530387ff','c3c43a6f-48e3-4f88-87a1-764ab1e13353','27e72c80-59c7-4a7f-81ac-3c284a70800f',506,'2023-04-03 17:18:23.996373'),
	 ('1084dae2-c909-4dc1-a50e-662a6790d698','b6403bf6-e60a-46f5-88d3-74b04f6f6eff','b9cbd7a9-7f54-4ef3-ba53-69204bed16ae','e07fd634-d7ee-4cb1-a838-70ef3aebb254',556,'2023-04-03 17:18:23.999366');
